UID;gender;surname;name;fullname;birthdate;mandate_uid;mandate_type
PA2371;Mme;Marie-Françoise;Perol-Dumont;PEROL_DUMONT_Marie_Francoise;26/05/52;PM734813;API
PA301592;M.;Alain;Schmitz;SCHMITZ ;27/04/48;PM736375;SENAT
PA2111;M.;Jean-Pierre;Masseret;MASSERET JEAN-PIERRE;23/08/44;PM732461;GROUPESENAT
PA267907;M.;Jean-Pierre;Grand;GRAND_Jean_Pierre;18/11/50;PM703591;SENAT
PA267340;M.;Mathieu;Darnaud;DARNAUD_Mathieu;11/07/75;PM708369;CMP
PA304081;M.;Bernard;Vera;VERA BERNARD;05/03/50;PM711839;SENAT
PA2640;M.;Max;Roustan;Roustan_Max;29/09/44;PM736419;SENAT
PA267018;M.;Michel;Raison;RAISON_Michel;05/11/49;PM703564;SENAT
PA1883;M.;Jacques;Le Nay;Le_Nay_Jacques;19/11/49;PM736286;SENAT
PA700196;Mme;Patricia;Bordas;BORDAS_PATRICIA;05/06/56;PM700197;GROUPESENAT
PA268007;M.;Jean-Pierre;Corbisez;CORBISEZ_Jean_Pierre;07/03/60;PM736325;SENAT
PA342154;M.;François;Commeinhes;COMMEINHES_Francois;10/11/49;PM703590;SENAT
PA602;M.;Jean-Claude;Boulard;BOULARD_Jean_Claude;28/03/43;PM732813;GROUPESENAT
PA267112;Mme;Chantal;Deseyne;DESEYNE_Chantal;29/01/57;PM716693;CMP
PA715745;M.;Pierre;Cuypers;Cuypers_Pierre;23/03/44;PM736297;SENAT
PA569;M.;Philippe;Bonnecarrère;BONNECARRÈRE_Philippe;12/07/55;PM713626;CMP
PA1744;M.;Alain;Joyandet;JOYANDET;15/01/54;PM703565;SENAT
PA736203;Mme;Claudine;Kauffmann;KAUFFMANN_Claudine;28/09/44;PM736432;SENAT
PA736175;M.;Pascal;Savoldelli;SAVOLDELLI_Pascal;14/01/61;PM736344;SENAT
PA736172;Mme;Marie-Christine;Chauvin;CHAUVIN_Marie_Christine;20/11/54;PM736415;SENAT
PA736171;Mme;Catherine;Fournier;FOURNIER_Catherine;16/09/55;PM736322;SENAT
PA736178;M.;Arnaud;de Belenet;BELENET_Arnaud;14/03/75;PM736296;SENAT
PA736170;Mme;Nassimah;Dindar;DINDAR_Nassimah;20/01/60;PM736266;SENAT
PA736244;Mme;Céline;Boulay-Espéronnier;BOULAY_ESPERONNIER_Celine;18/12/70;PM736333;SENAT
PA736246;Mme;Florence;Lassarade;LASSARADE_Florence;18/08/57;PM736428;SENAT
PA736158;Mme;Sylvie;Vermeillet;VERMEILLET_Sylvie;10/06/67;PM736414;SENAT
PA736159;M.;Abdallah;Hassani;HASSANI_Abdallah;02/07/54;PM736361;SENAT
PA736243;M.;Pierre;Ouzoulias;OUZOULIAS_Pierre;28/01/64;PM736413;SENAT
PA736205;Mme;Muriel;Jourda;JOURDA_Muriel;27/10/67;PM736288;SENAT
PA736229;M.;Éric;Kerrouche;KERROUCHE_Eric;02/10/67;PM736389;SENAT
PA736234;Mme;Catherine;Conconne;CONCONNE_Catherine;18/05/63;PM736424;SENAT
PA736236;Mme;Christine;Herzog;HERZOG_Christine;30/12/68;PM736341;SENAT
PA736232;M.;Jean-Marie;Janssens;JANSSENS_Jean_Marie;19/03/53;PM736401;SENAT
PA856;M.;Gérard;Cherpion;Cherpion;15/03/48;PM645353;ASSEMBLEE
PA736198;Mme;Christine;Bonfanti-Dossat;BONFANTI_DOSSAT_Christine;25/05/56;PM736406;SENAT
PA736199;M.;Joël;Bigot;BIGOT_Joel;05/02/49;PM736284;SENAT
PA736195;M.;Fabien;Gay;GAY_Fabien;13/01/84;PM736357;SENAT
PA736194;M.;Sébastien;Meurant;MEURANT_Sebastien;18/03/71;PM736291;SENAT
PA736196;M.;Dany;Wattebled;WATTEBLED_Dany;22/11/51;PM736370;SENAT
PA736197;Mme;Marta;de Cidrac;CIDRAC_Marta;13/06/64;PM736378;SENAT
PA736190;Mme;Maryse;Carrère;CARRERE_Maryse;08/04/67;PM736255;SENAT
PA736192;Mme;Laure;Darcos;DARCOS_Laure;27/11/70;PM736353;SENAT
PA736191;M.;Rémi;Féraud;FERAUD_Remi;24/08/71;PM736336;SENAT
PA736207;M.;Jean;Sol;SOL_Jean;03/06/52;PM736391;SENAT
PA736201;Mme;Sophie;Taillé-Polian;TAILLE_POLIAN_Sophie;04/10/74;PM736347;SENAT
PA736202;Mme;Martine;Berthet;BERTHET_Martine;27/03/61;PM736392;SENAT
PA736209;Mme;Angèle;Préville;PREVILLE_Angele;23/11/55;PM736400;SENAT
PA736235;Mme;Nathalie;Delattre;DELATTRE_Nathalie;02/12/68;PM736426;SENAT
PA736238;M.;Jean-Raymond;Hugonet;HUGONET_Jean_Raymond;10/01/58;PM736352;SENAT
PA736237;Mme;Nadia;Sollogoub;SOLLOGOUB_Nadia;09/11/61;PM736417;SENAT
PA736231;M.;Jean-Marc;Boyer;BOYER_Jean_Marc;24/02/54;PM736381;SENAT
PA736233;M.;Xavier;Iacovelli;IACOVELLI_Xavier;31/03/81;PM736411;SENAT
PA736212;M.;Julien;Bargeton;BARGETON_Julien;29/03/73;PM736331;SENAT
PA736214;M.;Rachid;Temal;TEMAL_Rachid;29/03/73;PM736290;SENAT
PA736215;M.;Michel;Dagbert;DAGBERT_Michel;28/01/62;PM736324;SENAT
PA736216;M.;Max;Brisson;BRISSON_Max;08/03/57;PM736273;SENAT
PA736217;M.;Jean-Claude;Tissot;TISSOT_Jean_Claude;22/09/63;PM736384;SENAT
PA736219;Mme;Viviane;Artigalas;ARTIGALAS_Viviane;22/10/56;PM736387;SENAT
PA736218;M.;Laurent;Duplomb;DUPLOMB_Laurent;24/10/71;PM736257;SENAT
PA736210;Mme;Christine;Lanfranchi Dorgal;LANFRANCHI_DORGAL_Christine;24/04/61;PM736249;GROUPESENAT
PA736211;Mme;Christine;Lavarde;LAVARDE_Christine;16/10/84;PM736410;SENAT
PA736164;Mme;Nadine;Grelet-Certenais;GRELET_CERTENAIS_Nadine;17/01/59;PM736430;SENAT
PA736165;M.;Martin;Lévrier;LEVRIER_Martin;30/10/62;PM736376;SENAT
PA736160;Mme;Annie;Delmont-Koropoulis;DELMONT_KOROPOULIS_Annie;13/07/47;PM736359;SENAT
PA736163;Mme;Anne-Marie;Bertrand;BERTRAND_Anne_Marie;27/11/42;PM736250;GROUPESENAT
PA736162;Mme;Sabine;Van Heghe;VAN_HEGHE_Sabine;08/09/60;PM736320;SENAT
PA736161;Mme;Victoire;Jasmin;JASMIN_Victoire;23/12/55;PM736421;SENAT
PA736167;Mme;Marie-Pierre;de la Gontrie;GONTRIE_Marie_Pierre;18/12/58;PM736327;SENAT
PA736166;Mme;Sonia;de la Provôté;PROVOTE_Sonia;25/12/68;PM736435;SENAT
PA736169;Mme;Jacqueline;Eustache-Brinio;EUSTACHE_BRINIO_Jacqueline;05/09/56;PM736293;SENAT
PA736168;Mme;Véronique;Guillotin;GUILLOTIN_Veronique;03/11/62;PM736301;SENAT
PA736241;M.;Olivier;Jacquin;JACQUIN_Olivier;08/05/64;PM736300;SENAT
PA840;M.;Guy-Michel;Chauveau;Chauveau G;25/09/44;PM645617;ASSEMBLEE
PA712014;M.;Vincent;Ledoux;Ledoux;21/06/66;PM712765;GA
PA712422;Mme;Karine;Daniel;Daniel;22/06/74;PM712424;ASSEMBLEE
PA706108;M.;Olivier;Cigolotti;CIGOLOTTI OLIVIER;16/08/63;PM736256;SENAT
PA770;M.;Jean-Yves;Caullet;Caullet;08/02/57;PM645361;ASSEMBLEE
PA736188;M.;Arnaud;Bazin;BAZIN_Arnaud;10/01/59;PM736289;SENAT
PA701184;Mme;Isabelle;Lajoux;LAJOUX_ISABELLE;20/05/60;PM701200;GROUPESENAT
PA701185;M.;Jean-Pierre;Bosino;BOSINO;15/01/59;PM713823;CMP
PA703516;M.;Jean-Claude;Luche;LUCHE_Jean_Claude;07/08/52;PM703559;SENAT
PA703517;Mme;Brigitte;Micouleau;MICOULEAU_Brigitte;10/09/51;PM716427;CMP
PA703515;Mme;Corinne;Imbert;IMBERT_Corinne;20/11/58;PM713983;COMSPSENAT
PA703511;Mme;Sylvie;Robert;ROBERT_Sylvie;28/08/63;PM713616;CMP
PA703514;M.;Michel;Canevet;CANEVET_Michel;14/12/60;PM708430;CMP
PA703510;Mme;Agnès;Canayer;CANAYER_Agnes;21/09/65;PM713969;COMSPSENAT
PA703524;M.;François;Aubey;AUBEY_Francois;20/09/60;PM703572;SENAT
PA703527;M.;Jean Pierre;Vogel;VOGEL_Jean_Pierre;07/08/56;PM712828;CMP
PA703520;Mme;Dominique;Estrosi Sassone;ESTROSI_SASSONE_Dominique;14/11/58;PM713978;COMSPSENAT
PA703523;Mme;Anne-Catherine;Loisier;LOISIER_Anne_Catherine;13/03/69;PM714262;DELEGSENAT
PA703513;M.;Patrick;Chaize;CHAIZE_Patrick;22/03/63;PM712977;CMP
PA703529;Mme;Mireille;Jouve;JOUVE_Mireille;30/12/60;PM713625;CMP
PA703528;M.;Henri;Cabanel;CABANEL_Henri;09/03/59;PM716770;CMP
PA703522;M.;François;Bonhomme;BONHOMME_Francois;05/05/69;PM708367;CMP
PA703518;M.;Philippe;Mouiller;MOUILLER_Philippe;20/09/69;PM703704;SENAT
PA703519;M.;Michel;Amiel;AMIEL_Michel;03/07/54;PM713944;CMP
PA703498;Mme;Élisabeth;Doineau;DOINEAU_Elisabeth;07/04/61;PM736260;SENAT
PA703489;M.;Vincent;Dubois;DUBOIS_Vincent;05/08/81;PM703720;SENAT
PA703537;Mme;Vivette;Lopez;LOPEZ_Vivette;27/12/54;PM716692;CMP
PA703534;M.;Daniel;Chasseing;CHASSEING_Daniel;10/04/45;PM703549;SENAT
PA703535;M.;Jean-Baptiste;Lemoyne;LEMOYNE_Jean_Baptiste;15/09/77;PM713938;CMP
PA703532;Mme;Annick;Billon;BILLON_Annick;03/08/67;PM703568;SENAT
PA703530;M.;Daniel;Gremillet;GREMILLET_Daniel;31/07/53;PM712981;CMP
PA703531;M.;Joseph;Castelli;CASTELLI_Joseph;04/06/48;PM703701;SENAT
PA703533;M.;Bernard;Lalande;LALANDE_Bernard;06/04/54;PM703593;SENAT
PA703538;M.;Jérôme;Durain;DURAIN_Jerome;02/06/69;PM703698;SENAT
PA703501;M.;Claude;Kern;KERN_Claude;13/03/59;PM703629;SENAT
PA703508;Mme;Annie;Guillemot;GUILLEMOT_Annie;27/01/56;PM703601;SENAT
PA703505;M.;Claude;Raynal;RAYNAL_Claude;10/10/57;PM712818;CMP
PA703536;Mme;Gisèle;Jourda;JOURDA_Gisele;24/03/55;PM708371;CMP
PA703541;M.;Cyril;Pellevat;PELLEVAT_Cyril;18/02/81;PM716228;CMP
PA703540;M.;Pascal;Allizard;ALLIZARD_Pascal;19/12/62;PM713649;CMP
PA703512;Mme;Marie-Pierre;Monier;MONIER_Marie_Pierre;28/02/58;PM713645;CMP
PA703504;M.;Michel;Forissier;FORISSIER_Michel;12/09/43;PM713935;CMP
PA703502;Mme;Geneviève;Jean;JEAN_Genevieve;28/08/45;PM703639;SENAT
PA703503;M.;Louis-Jean;de Nicolaÿ;NICOLAY_DE_Louis_Jean;18/09/49;PM703582;SENAT
PA703500;M.;Gilbert;Bouchet;BOUCHET_Gilbert;08/01/47;PM703574;SENAT
PA703509;M.;Éric;Jeansannetas;JEANSANNETAS_Éric;21/10/62;PM716235;CMP
PA703492;M.;Loïc;Hervé;HERVE_Loic;08/06/80;PM713982;COMSPSENAT
PA703483;M.;René;Danesi;DANESI_Rene;30/08/47;PM713974;COMSPSENAT
PA703496;M.;David;Rachline;RACHLINE_David;02/12/87;PM703675;SENAT
PA703525;M.;Olivier;Cadic;CADIC_Olivier;22/04/62;PM713945;CMP
PA703526;M.;Antoine;Karam;KARAM_Antoine;21/02/50;PM708638;GROUPESENAT
PA703506;Mme;Nicole;Duranton;DURANTON_Nicole;13/10/58;PM713654;CMP
PA703539;Mme;Jacky;Deromedi;DEROMEDI_Jacky;15/06/44;PM716834;CMP
PA703521;M.;Jean-Jacques;Panunzi;PANUNZI_Jean_Jacques;05/04/56;PM703544;SENAT
PA703490;M.;Jacques;Bigot;BIGOT_Jacques;31/07/52;PM713755;CMP
PA703507;M.;Jacques;Genest;GENEST_Jacques;06/08/50;PM708432;CMP
PA703480;M.;Pierre;Médevielle;MEDEVIELLE_Pierre;17/04/60;PM716234;CMP
PA703481;Mme;Nelly;Tocqueville;TOCQUEVILLE_Nelly;02/05/50;PM703670;SENAT
PA703482;M.;Michel;Vaspart;VASPART_Michel;22/02/48;PM713999;COMSPSENAT
PA703484;Mme;Teura;Iriti;IRITI_Teura;07/01/65;PM703721;SENAT
PA703487;M.;Jean-Marc;Gabouty;GABOUTY_Jean_Marc;17/05/49;PM713939;CMP
PA703486;M.;Guillaume;Arnell;ARNELL_Guillaume;20/01/58;PM716696;CMP
PA703488;M.;Guy-Dominique;Kennel;KENNEL_Guy_Dominique;14/04/52;PM713652;CMP
PA703491;M.;Jean-Louis;Tourenne;TOURENNE_Jean_Louis;25/08/44;PM716428;CMP
PA703493;M.;Claude;Nougein;NOUGEIN_Claude;04/12/46;PM732427;COMSENAT
PA703497;M.;Didier;Mandelli;MANDELLI_Didier;07/08/64;PM715610;CMP
PA703495;M.;Jean-Yves;Roux;ROUX_Jean_Yves;18/01/70;PM716230;CMP
PA703499;Mme;Christine;Prunaud;PRUNAUD_Christine;04/09/50;PM713993;COMSPSENAT
PA703494;Mme;Catherine;Di Folco;DI_FOLCO_Catherine;30/11/60;PM712678;CMP
PA917;M.;Jean-François;Copé;Cope;05/05/64;PM645163;ASSEMBLEE
PA736189;M.;Frédéric;Marchand;MARCHAND_Frederic;31/05/65;PM736363;SENAT
PA706520;Mme;Évelyne;Yonnet;Yonnet_evelyne;09/10/54;PM714002;COMSPSENAT
PA720634;M.;Édouard;Courtial;COURTIAL ÉDOUARD;28/06/73;PM736312;SENAT
PA716269;Mme;Évelyne;Rivollier;RIVOLLIER_Evelyne;13/05/58;PM716271;SENAT
PA705750;Mme;Patricia;Morhet-Richaud;MORHET_RICHAUD_Patricia;28/07/61;PM713946;CMP
PA732419;M.;Gilbert-Luc;Devinaz;DEVINAZ_Gilbert_Luc;19/07/53;PM732432;COMSENAT
PA732420;Mme;Josiane;Costes;Costes_Josiane;23/08/47;PM732429;COMSENAT
PA712016;M.;Pascal;Thévenot;Thevenot;03/06/66;PM712374;GE
PA712015;M.;Julien;Dive;Dive;21/05/85;PM712739;GE
PA713448;Mme;Marine;Brenier;Brenier;11/08/86;PM713451;ASSEMBLEE
PA711156;M.;Jean-François;Rapin;RAPIN JEAN FRANCOIS;11/05/66;PM736319;SENAT
PA733;M.;Thierry;Carcenac;CARCENAC_Thierry;19/12/50;PM703709;SENAT
PA707706;Mme;Lana;Tetuanui;TETUANUI_LANA;23/02/70;PM707717;SENAT
PA736183;M.;Jean-Pierre;Moga;MOGA_Jean_Pierre;19/05/47;PM736405;SENAT
PA736182;M.;Laurent;Lafon;LAFON_Laurent;18/11/65;PM736346;SENAT
PA736186;M.;Ronan;Le Gleut;LE_GLEUT_Ronan;21/08/76;PM736396;SENAT
PA736180;M.;Jean-Pierre;Bansard;BANSARD_Jean_Pierre;15/05/40;PM736395;SENAT
PA736181;M.;Patrice;Joly;JOLY_Patrice;05/05/57;PM736416;SENAT
PA736228;M.;Éric;Gold;GOLD_Eric;07/06/64;PM736380;SENAT
PA736224;M.;Franck;Menonville;MENONVILLE_Franck;03/10/72;PM736403;SENAT
PA736225;M.;Bernard;Jomier;JOMIER_Bernard;09/10/63;PM736334;SENAT
PA736223;M.;Olivier;Henno;HENNO_Olivier;21/04/62;PM736368;SENAT
PA736206;Mme;Jocelyne;Guidez;GUIDEZ_Jocelyne;26/09/56;PM736351;SENAT
PA736204;M.;Jean-Marie;Mizzon;MIZZON_Jean_Marie;31/03/56;PM736338;SENAT
PA736248;M.;Jean-Michel;Houllegatte;HOULLEGATTE_Jean_Michel;30/05/58;PM736269;SENAT
PA736247;M.;Serge;Babary;BABARY_Serge;16/07/46;PM736281;SENAT
PA736242;M.;Olivier;Léonhardt;LEONHARDT_Olivier;29/01/64;PM736349;SENAT
PA736176;Mme;Pascale;Bories;BORIES_Pascale;01/04/69;PM736434;SENAT
PA736174;M.;Emmanuel;Capus;CAPUS_Emmanuel;23/06/74;PM736283;SENAT
PA736173;Mme;Michelle;Gréaume;GREAUME_Michelle;30/10/67;PM736369;SENAT
PA736179;M.;Dominique;Théophile;THEOPHILE_Dominique;04/08/60;PM736420;SENAT
PA304014;Mme;Bariza;Khiari;KHIARI BARIZA;03/09/46;PM304354;GROUPESENAT
PA205280;M.;Roger;Karoutchi;KAROUTCHI;26/08/51;PM430065;SENAT
PA429834;Mme;Marie-Annick;Duchêne;DUCHENE_MARIE_ANNICK_11091R;23/08/40;PM430038;SENAT
PA304017;Mme;Catherine;Morin-Desailly;MORIN-DESAILLY CATHERINE;06/07/60;PM318604;GROUPESENAT
PA304010;M.;Philippe;Dominati;DOMINATI PHILIPPE;12/04/54;PM392738;GROUPESENAT
PA429833;Mme;Frédérique;Espagnac;ESPAGNAC_FREDERIQUE_C4700;19/04/72;PM429975;SENAT
PA304018;M.;Michel;Billout;BILLOUT MICHEL;19/02/58;PM304283;GROUPESENAT
PA429838;M.;René;Vandierendonck;VANDIERENDONCK_RENE_11037K;01/04/51;PM429939;SENAT
PA429839;M.;Michel;Le Scouarnec;LESCOUARNEC_MICHEL_C4640;12/07/49;PM429953;SENAT
PA405480;M.;François;Pupponi;Pupponi;31/07/62;PM645203;ASSEMBLEE
PA267407;M.;Paul;Giacobbi;Giacobbi;04/06/57;PM645320;ASSEMBLEE
PA346;M.;Patrick;Balkany;Balkany;16/08/48;PM645086;ASSEMBLEE
PA304015;M.;Yves;Pozzo di Borgo;POZZO DI BORGO YVES;03/05/48;PM318605;GROUPESENAT
PA2447;M.;Ladislas;Poniatowski;PONIATOWSKI LADISLAS;10/11/46;PM431261;GROUPESENAT
PA2265;M.;Philippe;Nauche;Nauche;15/07/57;PM645445;ASSEMBLEE
PA227019;Mme;Marie-Christine;Blandin;BLANDIN;22/09/52;PM429938;SENAT
PA609245;Mme;Valérie;Lacroute;Lacroute;29/10/65;PM645150;ASSEMBLEE
PA610615;M.;Ary;Chalus;Chalus;06/12/61;PM645243;ASSEMBLEE
PA334768;M.;Jean-Louis;Touraine;Touraine J;08/10/45;PM645582;ASSEMBLEE
PA1134;M.;Claude;Dilain;DILAIN_CLAUDE_11051H;12/08/48;PM430054;SENAT
PA341406;M.;Martial;Bourquin;BOURQUINMARTIAL;23/07/52;PM516773;COMSENAT
PA2317;M.;Michel;Pajon;Pajon;30/06/49;PM645111;ASSEMBLEE
PA295;M.;François;Asensi;Asensi;01/06/45;PM645103;ASSEMBLEE
PA292;M.;Jean;Arthuis;ARTHUIS;07/10/44;PM318661;GROUPESENAT
PA270;Mme;Michèle;André;ANDRE M;06/02/47;PM227309;GROUPESENAT
PA271;Mme;Sylvie;Andrieux;Andrieux;15/12/61;PM645515;ASSEMBLEE
PA606171;M.;Richard;Ferrand;Ferrand;01/07/62;PM645255;ASSEMBLEE
PA2444;M.;Christian;Poncelet;PONCELET;24/03/28;PM286556;GROUPESENAT
PA608826;Mme;Virginie;Duby-Muller;DubyMuller;16/08/79;PM712867;GE
PA2685;Mme;Odile;Saugues;Saugues;26/01/43;PM645182;ASSEMBLEE
PA1993;M.;Gérard;Longuet;LONGUET;24/02/46;PM651975;SENAT
PA2045;M.;Noël;Mamère;Mamere;25/12/48;PM645421;ASSEMBLEE
PA678263;M.;Pierre;Laurent;LAURENT PIERRE;01/07/57;PM678264;GROUPESENAT
PA2048;M.;Jean-François;Mancel;Mancel;01/03/48;PM645036;ASSEMBLEE
PA334906;M.;Philippe;Meunier;Meunier;16/03/66;PM645577;ASSEMBLEE
PA605518;M.;François-Michel;Lambert;LambertF;24/08/66;PM645500;ASSEMBLEE
PA340432;M.;Alain;Fauré;Faure;01/10/62;PM645471;ASSEMBLEE
PA2684;M.;Bernard;Saugey;SAUGEY;03/03/43;PM286569;GROUPESENAT
PA346170;M.;Jacques;Moignard;Moignard;08/08/51;PM676815;ASSEMBLEE
PA605991;Mme;Annie;Genevard;Genevard;07/09/56;PM711227;MISINFO
PA1991;M.;François;Loncle;Loncle;21/10/41;PM645156;ASSEMBLEE
PA551;M.;Alain;Bocquet;Bocquet;06/05/46;PM645487;ASSEMBLEE
PA429832;M.;Hervé;Marseille;MARSEILLE_HERVE_11085T;20/08/54;PM430064;SENAT
PA609740;M.;Alain;Leboeuf;Leboeuf;02/02/64;PM645319;ASSEMBLEE
PA429835;Mme;Hélène;Conway-Mouret;CONWAY_MOURET_HELENE;13/09/60;PM429989;SENAT
PA1998;M.;Jeanny;Lorgeoux;LORGEOUX_JEANNY_11106F;02/01/50;PM429965;SENAT
PA429836;Mme;Laurence;Cohen;COHEN_LAURENCE_11031D;15/01/53;PM430049;SENAT
PA429837;M.;André;Gattolin;GATTOLIN_ANDRE_11083R;24/06/60;PM430063;SENAT
PA608380;Mme;Sophie;Rohfritsch;Rohfritsch;27/08/62;PM645578;ASSEMBLEE
PA267891;M.;Hugues;Portelli;PORTELLI HUGUES;22/12/47;PM304323;GROUPESENAT
PA550;M.;Jean-Marie;Bockel;BOCKEL JEAN-MARIE;22/06/50;PM426334;SENAT
PA347627;Mme;Catherine;Pen;Pen;09/05/54;PM701226;GP
PA1193;M.;William;Dumas;Dumas;23/01/42;PM645344;ASSEMBLEE
PA1199;M.;Jean-Louis;Dumont;Dumont J;06/04/44;PM645376;ASSEMBLEE
PA1198;Mme;Laurence;Dumont;DumontL;02/06/58;PM645393;ASSEMBLEE
PA610195;Mme;Julie;Sommaruga;Sommaruga;01/08/75;PM711234;MISINFO
PA1192;M.;André;Dulait;DULAIT;14/11/37;PM314313;ORGAINT
PA268039;M.;Éric;Jalton;Jalton;16/09/61;PM645239;ASSEMBLEE
PA1172;M.;Roland;du Luart;LUART ROLAND (DU);12/03/40;PM286532;GROUPESENAT
PA610667;M.;Gabriel;Serville;Serville;27/09/59;PM645269;ASSEMBLEE
PA607595;M.;Hervé;Pellois;Pellois;17/04/51;PM645377;ASSEMBLEE
PA606888;M.;Jean-Pierre;Barbier;Barbier;11/11/60;PM645543;ASSEMBLEE
PA1224;Mme;Odette;Duriez;DURIEZ_ODETTE_11062L;07/05/48;PM430011;SENAT
PA642788;M.;Olivier;Véran;Veran;22/04/80;PM676805;ASSEMBLEE
PA1579;Mme;Élisabeth;Guigou;Guigou;06/08/46;PM645117;ASSEMBLEE
PA689;Mme;Marie-George;Buffet;Buffet;07/05/49;PM711222;MISINFO
PA1573;M.;Jean-Noël;Guérini;GUERINI;01/01/51;PM308855;COMSENAT
PA680;M.;François;Brottes;Brottes;31/03/56;PM645536;ASSEMBLEE
PA1574;M.;Jean-Claude;Guibal;Guibal;13/01/41;PM645430;ASSEMBLEE
PA267278;M.;Philippe;Martin;Martin Ph(Gers);22/11/53;PM645391;ASSEMBLEE
PA1226;M.;Philippe;Duron;Duron;19/06/47;PM645386;ASSEMBLEE
PA330130;M.;Bernard;Lesterlin;Lesterlin;18/09/49;PM645541;ASSEMBLEE
PA267479;M.;Kléber;Mesquida;Mesquida;03/08/45;PM645504;ASSEMBLEE
PA408;M.;Jean-Michel;Baylet;BAYLET;17/11/46;PM303949;SENAT
PA1379;M.;Yves;Fromion;Fromion;15/09/41;PM645433;ASSEMBLEE
PA304002;M.;David;Assouline;ASSOULINE DAVID;16/06/59;PM304346;GROUPESENAT
PA1375;M.;Pierre;Frogier;FROGIER PIERRE;16/11/50;PM429899;SENAT
PA609983;Mme;Maud;Olivier;Olivier;20/02/53;PM645048;ASSEMBLEE
PA344114;M.;Jean-Jacques;Cottel;Cottel;17/07/53;PM645092;ASSEMBLEE
PA1373;M.;Édouard;Fritch;Fritch;04/01/52;PM645310;ASSEMBLEE
PA243;M.;Yves;Albarello;Albarello;17/03/52;PM645167;ASSEMBLEE
PA394;M.;Christian;Bataille;Bataille C;13/05/46;PM645447;ASSEMBLEE
PA610427;Mme;Laurence;Abeille;Abeille;17/06/60;PM645158;ASSEMBLEE
PA267506;M.;Philippe;Vitel;Vitel;22/02/55;PM645270;ASSEMBLEE
PA304005;M.;Jean-Pierre;Caffet;CAFFET JEAN-PIERRE;08/11/51;PM421704;DELEGSENAT
PA304007;M.;Jean;Desessard;DESESSARD JEAN;06/09/52;PM430041;SENAT
PA304000;Mme;Élisabeth;Lamure;LAMURE ELISABETH;20/11/47;PM304127;SENAT
PA304001;M.;Thierry;Repentin;REPENTIN THIERRY;05/04/63;PM304129;SENAT
PA343493;M.;Gwendal;Rouillard;Rouillard;20/04/76;PM645385;ASSEMBLEE
PA605745;M.;Nicolas;Sansu;Sansu;17/06/68;PM645435;ASSEMBLEE
PA334755;M.;Pierre-Alain;Muet;Muet;01/01/45;PM645580;ASSEMBLEE
PA247;M.;Nicolas;Alfonsi;ALFONSI;13/04/36;PM318657;GROUPESENAT
PA605694;M.;Olivier;Falorni;Falorni;27/03/72;PM645416;ASSEMBLEE
PA332523;Mme;Marie-Christine;Dalloz;Dalloz;10/01/58;PM645550;ASSEMBLEE
PA2277;M.;Yves;Nicolin;Nicolin;05/03/63;PM715995;COMPER
PA2272;M.;Alain;Néri;NERI_ALAIN_C4673;01/05/42;PM429987;SENAT
PA2051;M.;Thierry;Mandon;Mandon;30/12/57;PM645056;ASSEMBLEE
PA2056;M.;François;Marc;MARC_FRANCOIS;19/03/50;PM430382;COMSENAT
PA605349;Mme;Marie-Hélène;Fabre;Fabre;27/07/51;PM645483;ASSEMBLEE
PA610775;M.;Philippe;Gomès;Gomes;27/10/58;PM645309;ASSEMBLEE
PA335758;M.;Franck;Riester;Riester;03/01/74;PM645160;ASSEMBLEE
PA609691;Mme;Michèle;Fournier-Armand;FournierArmand;28/07/46;PM645296;ASSEMBLEE
PA2690;M.;François;Sauvadet;Sauvadet;20/04/53;PM645458;ASSEMBLEE
PA2693;M.;Gilbert;Sauvan;Sauvan;15/07/56;PM645419;ASSEMBLEE
PA332747;M.;François;de Rugy;Rugy (de);06/12/73;PM645155;ASSEMBLEE
PA335999;Mme;Delphine;Batho;Batho;23/03/73;PM591228;MINISTERE
PA404073;M.;Louis;Pinton;PINTON LOUIS;24/10/48;PM405194;COMSENAT
PA610770;Mme;Sonia;Lagarde;Lagarde;29/08/48;PM645305;ASSEMBLEE
PA1617;M.;Claude;Haut;HAUT;22/12/44;PM303960;SENAT
PA608186;Mme;Danielle;Auroi;Auroi;29/02/44;PM645202;ASSEMBLEE
PA223837;M.;Bernard;Brochand;Brochand;05/06/38;PM645440;ASSEMBLEE
PA1362;M.;Christian;Franqueville;Franqueville;14/05/49;PM645356;ASSEMBLEE
PA2870;M.;André;Vallini;VALLINI_ANDRE_11041F;15/07/56;PM430028;SENAT
PA1963;M.;Michel;Lesage;Lesage;02/06/52;PM645466;ASSEMBLEE
PA1960;M.;Maurice;Leroy;Leroy;02/02/59;PM645107;ASSEMBLEE
PA267886;M.;Axel;Poniatowski;Poniatowski;03/08/51;PM645188;ASSEMBLEE
PA268042;Mme;Gabrielle;Louis-Carabin;LouisCarabin;20/02/46;PM645241;ASSEMBLEE
PA2876;M.;François;Vannson;Vannson;20/10/62;PM645355;ASSEMBLEE
PA334116;Mme;Jacqueline;Maquet;MaquetJ;13/05/49;PM645114;ASSEMBLEE
PA290103;M.;Yves;Krattinger;KRATTINGER;05/11/48;PM290433;GROUPESENAT
PA607699;Mme;Paola;Zanetti;Zanetti;01/09/76;PM645403;ASSEMBLEE
PA605830;Mme;Kheira;Bouziane-Laroussi;Bouziane;23/08/53;PM645454;ASSEMBLEE
PA268040;M.;Jacques;Cornano;CORNANO_JACQUES_11114F;18/11/56;PM429979;SENAT
PA268048;M.;Victorin;Lurel;LUREL VICTORIN;20/08/51;PM591212;MINISTERE
PA1144;M.;Claude;Domeizel;DOMEIZEL;16/05/40;PM421477;ORGAINT
PA267081;Mme;Pascale;Gruny;GRUNY_Pascale;18/02/60;PM713943;CMP
PA267080;M.;Xavier;Bertrand;Bertrand X;21/03/65;PM645531;ASSEMBLEE
PA1142;M.;Éric;Doligé;DOLIGE;25/05/43;PM318279;COMSENAT
PA1761;M.;Christian;Kert;Kert;25/07/46;PM711253;MISINFO
PA2960;M.;Éric;Woerth;Woerth;29/01/56;PM645040;ASSEMBLEE
PA1789;Mme;Conchita;Lacuey;Lacuey;30/09/43;PM645426;ASSEMBLEE
PA608235;Mme;Nathalie;Chabanne;Chabanne;03/01/73;PM645229;ASSEMBLEE
PA643069;M.;Christophe;Premat;Premat;07/12/76;PM714441;MISINFOPRE
PA695;M.;Vincent;Burroni;Burroni;01/10/47;PM645503;ASSEMBLEE
PA543;M.;Patrick;Bloche;Bloche;04/07/56;PM645064;ASSEMBLEE
PA606507;M.;Florent;Boudié;Boudie;22/09/73;PM645406;ASSEMBLEE
PA344545;M.;Éric;Elkouby;Elkouby;24/06/73;PM713452;ASSEMBLEE
PA267260;Mme;Bérengère;Poletti;Poletti;14/10/59;PM645459;ASSEMBLEE
PA765;M.;Laurent;Cathala;Cathala;21/09/45;PM645138;ASSEMBLEE
PA267266;M.;Yves;Censi;Censi;08/02/64;PM645489;ASSEMBLEE
PA606899;M.;Erwann;Binet;Binet;30/07/72;PM645545;ASSEMBLEE
PA345897;M.;Arnaud;Richard;Richard;30/04/71;PM645209;ASSEMBLEE
PA419;M.;René;Beaumont;BEAUMONT RENÉ;29/02/40;PM303903;SENAT
PA267469;M.;Michel;Piron;Piron;15/03/43;PM645314;ASSEMBLEE
PA606258;M.;Christophe;Cavard;Cavard;19/02/70;PM645347;ASSEMBLEE
PA223231;M.;François;Fortassin;FORTASSIN;02/08/39;PM223357;GROUPESENAT
PA606098;M.;Olivier;Marleix;Marleix;06/02/71;PM645171;ASSEMBLEE
PA642682;M.;Avi;Assouly;Assouly;05/06/50;PM676798;ASSEMBLEE
PA227017;Mme;Marie-France;Beaufils;BEAUFILS;22/11/46;PM227226;GROUPESENAT
PA642684;M.;Jean-Pierre;Maggi;Maggi;27/04/44;PM663906;ASSEMBLEE
PA369;M.;François;Baroin;BAROIN FRANÇOIS;21/06/65;PM645479;ASSEMBLEE
PA425322;Mme;Catherine;Deroche;DEROCHE CATHERINE;24/02/53;PM425326;GROUPESENAT
PA360;M.;Gilbert;Barbier;BARBIER GILBERT;03/03/40;PM318641;GROUPESENAT
PA642756;Mme;Laurence;Harribey;HARRIBEY_Laurence;08/02/53;PM736429;SENAT
PA267512;M.;Alain;Marc;MARC_Alain;29/01/57;PM645495;ASSEMBLEE
PA1253;M.;Jean-Paul;Émorine;EMORINE;20/03/44;PM286473;GROUPESENAT
PA642759;Mme;Laurence;Arribagé;Arribage;25/05/70;PM714035;GE
PA304108;Mme;Joëlle;Garriaud-Maylam;GARRIAUD-MAYLAM JOËLLE;20/03/55;PM429994;SENAT
PA2191;M.;Jean-Claude;Mignon;MignonJeC;02/02/50;PM645141;ASSEMBLEE
PA331990;M.;Alain;Rousset;Rousset;16/02/51;PM645449;ASSEMBLEE
PA2197;M.;Alain;Milon;MILON ALAIN;16/09/47;PM303963;SENAT
PA2200;M.;Gérard;Miquel;MIQUEL;17/06/46;PM227330;GROUPESENAT
PA256;Mme;Jacqueline;Alquier;ALQUIER JACQUELINE;29/07/47;PM303946;SENAT
PA304109;Mme;Christiane;Kammermann;KAMMERMANNCHRISTIANE;10/07/32;PM304315;GROUPESENAT
PA2426;M.;Jean-Pierre;Plancade;PLANCADE;02/08/49;PM430361;COMSENAT
PA333224;M.;Benoist;Apparu;Apparu;24/11/69;PM645354;ASSEMBLEE
PA227078;M.;Charles;Guené;GUENE;06/04/52;PM286503;GROUPESENAT
PA2420;M.;Xavier;Pintat;PINTAT XAVIER;15/03/54;PM286553;GROUPESENAT
PA2422;M.;Bernard;Piras;PIRAS;05/06/42;PM421492;ORGAINT
PA227076;Mme;Jacqueline;Gourault;GOURAULT;20/11/50;PM308954;COMSENAT
PA607619;M.;Paul;Molac;Molac;21/05/62;PM645383;ASSEMBLEE
PA605076;Mme;Marie-Françoise;Bechtel;Bechtel;19/03/46;PM645535;ASSEMBLEE
PA1816;M.;François;Lamy;LamyF;31/10/59;PM591231;MINISTERE
PA336316;M.;Jean-Claude;Bouchet;Bouchet;02/05/57;PM645298;ASSEMBLEE
PA227108;M.;Gérard;Bailly;BAILLYGERARD;28/01/40;PM286222;GROUPESENAT
PA332364;Mme;Geneviève;Fioraso;Fioraso;10/10/54;PM591200;MINISTERE
PA609465;M.;Jean-Philippe;Mallé;Malle;31/10/63;PM676808;ASSEMBLEE
PA610594;M.;Dominique;Lefebvre;Lefebvre;07/05/56;PM645185;ASSEMBLEE
PA610701;M.;Jean Jacques;Vlody;Vlody;19/08/67;PM645281;ASSEMBLEE
PA609513;Mme;Pascale;Boistard;Boistard;04/01/71;PM645228;ASSEMBLEE
PA1155;M.;René;Dosière;Dosiere;03/08/41;PM645285;ASSEMBLEE
PA340419;M.;Alain;Duran;DURAN_Alain;02/01/58;PM716227;CMP
PA267378;Mme;Geneviève;Levy;Levy;24/02/48;PM645266;ASSEMBLEE
PA334811;Mme;Pascale;Crozon;Crozon;29/05/44;PM645587;ASSEMBLEE
PA341272;M.;Yannick;Botrel;BOTREL YANNICK;09/12/51;PM430385;COMSENAT
PA609042;M.;Pascal;Cherki;Cherki;01/09/66;PM645076;ASSEMBLEE
PA607919;Mme;Anne-Lise;Dufour-Tonini;Dufour_Tonini_Anne_Lise;02/03/70;PM645478;ASSEMBLEE
PA324539;M.;Robert;Tropeano;TROPEANO ROBERT;20/04/39;PM516830;COMSENAT
PA1977;M.;Michel;Liebgott;Liebgott;15/02/58;PM645404;ASSEMBLEE
PA1979;Mme;Martine;Lignières-Cassou;LignieresCassou;22/02/52;PM645223;ASSEMBLEE
PA1978;Mme;Marie-Noëlle;Lienemann;LIENEMANN_MARIE_NOELLE_11077T;12/07/51;PM430042;SENAT
PA2848;M.;Alex;Türk;TURK;25/01/50;PM227344;GROUPESENAT
PA2844;M.;François;Trucy;TRUCY;09/06/31;PM286577;GROUPESENAT
PA1779;M.;Georges;Labazée;LABAZEE_GEORGES_11112D;16/06/43;PM429970;SENAT
PA1770;M.;Jacques;Kossowski;Kossowski;11/10/40;PM645069;ASSEMBLEE
PA1778;M.;Patrick;Labaune;Labaune;13/06/51;PM645093;ASSEMBLEE
PA610905;M.;Arnaud;Leroy;Leroy;23/04/76;PM645225;ASSEMBLEE
PA1158;M.;Michel;Doublet;DOUBLET;26/09/39;PM286466;GROUPESENAT
PA268051;M.;Serge;Grouard;Grouard;19/03/59;PM645234;ASSEMBLEE
PA267075;M.;Étienne;Blanc;Blanc E;29/08/54;PM645258;ASSEMBLEE
PA1152;M.;Dominique;Dord;Dord;01/09/59;PM645561;ASSEMBLEE
PA267989;M.;Bruno;Gilles;GILLES BRUNO;26/12/60;PM690846;CMP
PA1552;M.;Francis;Grignon;GRIGNON;03/01/44;PM314270;API
PA608158;M.;Nicolas;Bays;Bays;01/05/77;PM645174;ASSEMBLEE
PA536;M.;Jean-Pierre;Blazy;Blazy;24/11/49;PM645204;ASSEMBLEE
PA610954;Mme;Daphna;Poznanski-Benhamou;PoznanskiBenhamou;03/06/50;PM645231;ASSEMBLEE
PA332796;M.;Michel;Ménard;Menard;20/05/61;PM711239;MISINFO
PA267188;Mme;Martine;Carrillon-Couvreur;CarrillonCouvreur;21/03/48;PM645410;ASSEMBLEE
PA428;M.;Michel;Bécot;BECOT;10/10/39;PM303904;SENAT
PA267327;M.;Damien;Meslot;Meslot;11/11/64;PM645031;ASSEMBLEE
PA267457;M.;Élie;Aboud;Aboud;12/10/59;PM687216;ASSEMBLEE
PA267673;M.;Philippe;Folliot;Folliot;14/07/63;PM645249;ASSEMBLEE
PA267328;M.;Cédric;Perrin;PERRIN_Cedric;20/01/74;PM703547;SENAT
PA267459;Mme;Claude;Greff;Greff;02/06/54;PM645564;ASSEMBLEE
PA267695;Mme;Patricia;Adam;Adam P;15/04/53;PM645213;ASSEMBLEE
PA642695;M.;Éric;Bothorel;Bothorel;20/10/66;PM717127;ASSEMBLEE
PA607310;M.;Luc;Belot;Belot;06/09/74;PM645297;ASSEMBLEE
PA642699;M.;Alain;Ballay;Ballay;19/02/54;PM716410;CMP
PA610045;M.;Malek;Boutih;Boutih;27/10/64;PM645041;ASSEMBLEE
PA606225;M.;Patrice;Prat;Prat;28/11/65;PM645336;ASSEMBLEE
PA267527;M.;Martial;Saddier;Saddier;15/10/69;PM645555;ASSEMBLEE
PA642741;Mme;Claire;Mallejac;Mallejac;08/07/67;PM718622;ASSEMBLEE
PA642743;M.;Vincent;Feltesse;Feltesse;04/04/67;PM676801;ASSEMBLEE
PA304113;M.;Richard;Yung;YUNG RICHARD;22/09/47;PM304267;SENAT
PA332950;Mme;Dominique;Orliac;Orliac;15/03/52;PM645251;ASSEMBLEE
PA2430;M.;Philippe;Plisson;Plisson;12/01/51;PM645411;ASSEMBLEE
PA2435;M.;Hervé;Poher;POHER HERVÉ;19/05/52;PM693115;COMSENAT
PA332886;M.;Olivier;Carré;Carre;16/03/61;PM645226;ASSEMBLEE
PA2503;M.;Dominique;Raimbourg;Raimbourg;28/04/50;PM645187;ASSEMBLEE
PA2505;M.;Henri;de Raincourt;RAINCOURT HENRI (DE);17/11/48;PM286559;GROUPESENAT
PA606793;M.;Laurent;Baumel;Baumel;13/08/65;PM645570;ASSEMBLEE
PA2502;M.;Jean-Pierre;Raffarin;RAFFARIN;03/08/48;PM313923;SENAT
PA703106;Mme;Hermeline;Malherbe;MALHERBE_HERMELINE;18/02/69;PM703108;SENAT
PA345619;M.;Edouard;Philippe;Philippe;28/11/70;PM645124;ASSEMBLEE
PA605036;M.;Damien;Abad;Abad;05/04/80;PM645278;ASSEMBLEE
PA608038;M.;Yves;Goasdoué;Goasdoue;22/08/59;PM645075;ASSEMBLEE
PA609520;Mme;Barbara;Pompili;Pompili;13/06/75;PM645233;ASSEMBLEE
PA605782;M.;Laurent;Marcangeli;Marcangeli;10/12/80;PM645291;ASSEMBLEE
PA1942;M.;Jean-Claude;Lenoir;LENOIR_JEAN_CLAUDE_11100Y;27/12/44;PM429985;SENAT
PA1527;M.;Alain;Gournac;GOURNAC;13/09/43;PM430037;SENAT
PA1946;M.;Jean;Leonetti;Leonetti ;09/07/48;PM645437;ASSEMBLEE
PA610002;Mme;Eva;Sas;Sas;13/08/70;PM645053;ASSEMBLEE
PA815;M.;Gérard;Charasse;Charasse;26/03/44;PM645544;ASSEMBLEE
PA810;M.;Jean-Paul;Chanteguet;Chanteguet;09/12/49;PM645557;ASSEMBLEE
PA2859;M.;Daniel;Vaillant;Vaillant;19/07/49;PM645087;ASSEMBLEE
PA608328;Mme;Ségolène;Neuville;Neuville;21/06/70;PM645312;ASSEMBLEE
PA1496;M.;Jean;Glavany;Glavany;14/05/49;PM645273;ASSEMBLEE
PA1390;M.;Yann;Gaillard;GAILLARD;09/10/36;PM421483;ORGAINT
PA608495;M.;Thierry;Braillard;Braillard;24/01/64;PM645569;ASSEMBLEE
PA1498;M.;Claude;Goasguen;Goasguen;12/03/45;PM645080;ASSEMBLEE
PA1122;M.;Yves;Détraigne;DETRAIGNE;21/12/54;PM318656;GROUPESENAT
PA605499;M.;Olivier;Ferrand;Ferrand;08/11/69;PM645523;ASSEMBLEE
PA609709;Mme;Marion;Maréchal-Le Pen;MarechalLePen;10/12/89;PM645302;ASSEMBLEE
PA607892;M.;Jean-Pierre;Allossery;Allossery;31/07/45;PM711245;MISINFO
PA267450;M.;Rémi;Delatte;DelatteR;09/06/56;PM645452;ASSEMBLEE
PA342665;M.;Bernard;Bonne;BONNE_Bernard;18/09/48;PM736382;SENAT
PA1124;M.;Patrick;Devedjian;Devedjian;26/08/44;PM645067;ASSEMBLEE
PA607256;Mme;Valérie;Corre;Corre;17/05/67;PM645247;ASSEMBLEE
PA333285;M.;Guillaume;Garot;Garot;29/05/66;PM645365;ASSEMBLEE
PA1012;M.;Charles;de la Verpillière;Verpilliere (de la);31/05/54;PM645168;ASSEMBLEE
PA1233;M.;Jean-Yves;Dusserre;DUSSERRE_Jean_Yves;01/01/53;PM703717;SENAT
PA267200;M.;Sébastien;Huyghe;Huyghe;25/10/69;PM645502;ASSEMBLEE
PA528;M.;Jean;Bizet;BIZET;30/08/47;PM286442;GROUPESENAT
PA1019;Mme;Isabelle;Debré;DEBRE ISABELLE;23/05/57;PM304305;GROUPESENAT
PA610924;Mme;Claudine;Schmid;Schmid;13/09/55;PM645227;ASSEMBLEE
PA331146;M.;Sauveur;Gandolfi-Scheit;GandolfiScheit;19/01/47;PM645306;ASSEMBLEE
PA607090;M.;Jean-Pierre;Vigier;VigierJ;22/10/69;PM645143;ASSEMBLEE
PA609845;Mme;Catherine;Beaubatie;Beaubatie;10/02/64;PM645339;ASSEMBLEE
PA343623;Mme;Anne;Grommerch;Grommerch;11/12/70;PM645408;ASSEMBLEE
PA642910;Mme;Gilda;Hobert;Hobert;02/12/48;PM711252;MISINFO
PA606412;Mme;Sandrine;Doucet;Doucet;10/09/59;PM645400;ASSEMBLEE
PA437;M.;Jean-Pierre;Bel;BEL;30/12/51;PM430214;SENAT
PA267330;M.;Michel;Zumkeller;Zumkeller;21/01/66;PM645032;ASSEMBLEE
PA267336;M.;Joël;Giraud;Giraud;14/10/59;PM645424;ASSEMBLEE
PA267689;M.;Camille;de Rocca Serra;RoccaSerra (de);21/05/54;PM645295;ASSEMBLEE
PA334160;M.;Frédéric;Cuvillier;Cuvillier;09/12/68;PM591255;MINISTERE
PA335017;M.;Christophe;Sirugue;Sirugue;14/08/66;PM645607;ASSEMBLEE
PA267680;M.;Charles-Ange;Ginesy;Ginesy-CA;14/05/56;PM645427;ASSEMBLEE
PA606230;M.;Fabrice;Verdier;Verdier;16/12/68;PM645342;ASSEMBLEE
PA429878;Mme;Karine;Claireaux;CLAIREAUX_KARINE_11023D;15/11/63;PM429916;SENAT
PA331567;Mme;Laure;de La Raudière;LaRaudiere (de);12/02/65;PM645186;ASSEMBLEE
PA429872;M.;Jacques;Chiron;CHIRON_JACQUES_C4832;03/10/49;PM429918;SENAT
PA267534;Mme;Luce;Pane;Pane;28/09/55;PM645108;ASSEMBLEE
PA429870;M.;Jean-Noël;Cardoux;CARDOUX_JEAN_NOEL_11103C;18/12/46;PM429969;SENAT
PA429873;Mme;Corinne;Bouchoux;BOUCHOUX_CORINNE_11029K;05/01/64;PM429945;SENAT
PA429871;M.;Christian;Favier;FAVIER_CHRISTIAN_11034G;20/02/51;PM430050;SENAT
PA429876;M.;Pierre;Camani;CAMANI_PIERRE_11095V;19/02/52;PM429950;SENAT
PA429874;M.;Michel;Savin;SAVIN_MICHEL_C4802;25/11/58;PM430027;SENAT
PA605758;Mme;Sophie;Dessus;Dessus;24/09/55;PM711244;MISINFO
PA429877;M.;Michel;Fontaine;FONTAINE_MICHEL_11020A;06/05/52;PM430000;SENAT
PA333134;M.;Guénhaël;Huet;Huet;30/07/56;PM645341;ASSEMBLEE
PA267532;M.;Marc;Francina;Francina;02/02/48;PM645558;ASSEMBLEE
PA342935;Mme;Marianne;Dubois;DuboisM;17/12/57;PM645244;ASSEMBLEE
PA605922;Mme;Brigitte;Allain;Allain;23/04/56;PM645493;ASSEMBLEE
PA406065;M.;François;Pillet;PILLET FRANÇOIS;13/05/50;PM407158;GROUPESENAT
PA334654;M.;Éric;Straumann;Straumann;17/08/64;PM645596;ASSEMBLEE
PA267895;M.;Jérôme;Chartier;Chartier;14/11/66;PM645199;ASSEMBLEE
PA235;M.;Philippe;Adnot;ADNOT;25/08/45;PM318636;GROUPESENAT
PA230;M.;Bernard;Accoyer;Accoyer;12/08/45;PM645553;ASSEMBLEE
PA2227;M.;Aymeri;de Montesquiou;MONTESQUIOU (DE);07/07/42;PM430348;COMSENAT
PA2229;M.;Pierre;Morange;Morange;08/09/56;PM645205;ASSEMBLEE
PA2083;M.;Hervé;Mariton;Mariton;05/11/58;PM645105;ASSEMBLEE
PA2089;M.;Alain;Marsaud;Marsaud;08/03/49;PM645037;ASSEMBLEE
PA215169;Mme;Claire-Lise;Campion;CAMPION;27/07/51;PM215172;GROUPESENAT
PA610729;Mme;Monique;Orphé;Orphe;15/10/64;PM645288;ASSEMBLEE
PA2081;M.;Philippe;Marini;MARINI;28/01/50;PM286535;GROUPESENAT
PA332305;M.;Jean-Patrick;Gille;Gille;28/01/62;PM712871;GE
PA2538;M.;Bruno;Retailleau;RETAILLEAU BRUNO;20/11/60;PM303971;SENAT
PA609332;M.;Olivier;Faure;Faure;18/08/68;PM645147;ASSEMBLEE
PA609442;M.;Jean-Marie;Tétart;Tetart;01/09/49;PM645214;ASSEMBLEE
PA2713;M.;Roger-Gérard;Schwartzenberg;Schwartzenberg;17/04/43;PM645148;ASSEMBLEE
PA2084;M.;Alain;Marleix;Marleix;02/01/46;PM645407;ASSEMBLEE
PA1838;M.;Jean;Lassalle;Lassalle;03/05/55;PM645238;ASSEMBLEE
PA2155;M.;Gérard;Menuel;Menuel;07/05/52;PM714100;MISINFO
PA935;M.;Raymond;Couderc;COUDERC RAYMOND;16/09/46;PM395151;GROUPESENAT
PA609535;M.;Jean-Claude;Buisine;Buisine;14/06/47;PM645236;ASSEMBLEE
PA426327;M.;André;Reichardt;REICHARDT  ANDRÉ;05/12/49;PM426333;GROUPESENAT
PA1954;M.;Pierre;Lequiller;Lequiller;04/12/49;PM645195;ASSEMBLEE
PA421497;Mme;Renée;Nicoux;NICOUX RENÉE;26/03/51;PM421499;SENAT
PA1487;Mme;Éliane;Giraud;GIRAUD_ELIANE;12/03/52;PM701208;SENAT
PA331442;M.;Franck;Reynier;Reynier;20/10/65;PM645100;ASSEMBLEE
PA608920;Mme;Seybah;Dagoma;Dagoma;09/06/78;PM645060;ASSEMBLEE
PA335532;Mme;George;Pau-Langevin;PauLangevin;19/10/48;PM591222;MINISTERE
PA608310;M.;Jacques;Cresta;Cresta;16/02/55;PM645293;ASSEMBLEE
PA605804;M.;Laurent;Grandguillaume;Grandguillaume;20/01/78;PM645450;ASSEMBLEE
PA267091;Mme;Frédérique;Massat;Massat;14/01/64;PM645467;ASSEMBLEE
PA1713;M.;Pierre;Jarlier;JARLIER;14/07/54;PM421651;DELEGSENAT
PA324607;M.;Marcel;Rainaud;RAINAUD MARCEL;01/04/40;PM324909;GROUPESENAT
PA608172;Mme;Christine;Pires Beaune;PiresBeaune;06/10/64;PM645197;ASSEMBLEE
PA1710;M.;Serge;Janquin;Janquin;05/08/43;PM645166;ASSEMBLEE
PA608778;Mme;Béatrice;Santais;Santais;17/09/64;PM645565;ASSEMBLEE
PA330008;M.;Xavier;Breton;Breton;25/11/62;PM645164;ASSEMBLEE
PA791;M.;Gérard;César;CESAR;19/12/34;PM286455;GROUPESENAT
PA267057;M.;Céleste;Lett;Lett;07/05/51;PM645399;ASSEMBLEE
PA623;M.;Christian;Bourquin;BOURQUINCHRISTIAN_11018G;07/10/54;PM429912;SENAT
PA1001;M.;Marc-Philippe;Daubresse;DAUBRESSE;01/08/53;PM645499;ASSEMBLEE
PA1229;Mme;Josette;Durrieu;DURRIEU;20/03/37;PM227317;GROUPESENAT
PA610936;M.;Pierre-Yves;Le Borgn';LeBorgn';04/11/64;PM645230;ASSEMBLEE
PA2883;M.;Michel;Vauzelle;Vauzelle;15/08/44;PM645512;ASSEMBLEE
PA335319;Mme;Sandrine;Mazetier;Mazetier;16/12/66;PM645070;ASSEMBLEE
PA267835;M.;Jean-Yves;Le Bouillonnec;LeBouillonnec;15/09/50;PM645134;ASSEMBLEE
PA610804;M.;Jonas;Tahuaitu;Tahuaitu;16/08/44;PM645313;ASSEMBLEE
PA643183;Mme;Stéphanie;Pernod Beaudon;PernodBeaudon;13/10/78;PM714416;COMPER
PA643165;M.;Renaud;Gauquelin;Gauquelin;07/11/54;PM712996;CNPE
PA267306;M.;André;Chassaigne;Chassaigne;02/07/50;PM645210;ASSEMBLEE
PA610850;Mme;Corinne;Narassiguin;Narassiguin;07/03/75;PM645035;ASSEMBLEE
PA267233;M.;Christophe;Bouillon;Bouillon;04/03/69;PM645115;ASSEMBLEE
PA429866;M.;Joël;Labbé;LABBE_JOEL_C4641;18/10/52;PM429954;SENAT
PA429869;M.;Vincent;Delahaye;DELAHAYE_VINCENT_11070L;23/08/59;PM429926;SENAT
PA429861;M.;Maurice;Vincent;VINCENT_MAURICE_C4858;20/09/55;PM429919;SENAT
PA429868;Mme;Danielle;Michel;MICHELDANIELLE_C4522;03/04/47;PM429914;SENAT
PA429867;M.;Vincent;Éblé;EBLE_VINCENT_11074Q;15/10/57;PM429921;SENAT
PA429863;M.;Jean-Jacques;Lasserre;LASSERRE_JEAN_JACQUES_11111C;11/03/44;PM429974;SENAT
PA429862;Mme;Caroline;Cayeux;CAYEUX_CAROLINE_11044J;01/11/48;PM430005;SENAT
PA429864;M.;Dominique;Bailly;BAILLYDOMINIQUE_11039M;02/01/60;PM429937;SENAT
PA429865;M.;Philippe;Kaltenbach;KALTENBACH_PHILIPPE_11084S;09/01/66;PM430061;SENAT
PA429860;M.;Jean-Yves;Leconte;LECONTE_JEAN_YVES_11026G;31/10/66;PM429990;SENAT
PA331835;Mme;Monique;Iborra;Iborra;08/03/45;PM645380;ASSEMBLEE
PA227595;M.;Joël;Billard;BILLARD JOEL;21/03/53;PM286441;GROUPESENAT
PA642764;M.;Joël;Aviragnet;Aviragnet;16/06/56;PM702198;ASSEMBLEE
PA2183;M.;Jean-Pierre;Michel;MICHELJEAN-PIERRE;05/08/38;PM304128;SENAT
PA336439;M.;Jean-Michel;Clément;Clement;31/10/54;PM645333;ASSEMBLEE
PA607846;M.;Gérald;Darmanin;Darmanin;11/10/82;PM645441;ASSEMBLEE
PA2099;M.;Patrice;Martin-Lalande;MartinLalande;02/12/47;PM645101;ASSEMBLEE
PA2098;M.;Philippe Armand;Martin;Martin Ph(Marne);28/04/49;PM645351;ASSEMBLEE
PA2236;M.;Hervé;Morin;Morin;17/08/61;PM645149;ASSEMBLEE
PA332843;Mme;Marie-Odile;Bouillé;Bouille;13/10/50;PM711247;MISINFO
PA643157;M.;Philippe;Naillet;Naillet;14/08/60;PM712723;CNPS
PA2528;M.;Daniel;Reiner;REINER;17/01/41;PM227335;GROUPESENAT
PA2529;M.;Jean-Luc;Reitzer;Reitzer;29/12/51;PM645608;ASSEMBLEE
PA610481;M.;Jean-Luc;Laurent;Laurent;23/06/57;PM645131;ASSEMBLEE
PA334843;M.;Patrice;Verchère;Verchere;29/12/73;PM645589;ASSEMBLEE
PA1828;M.;Gérard;Larcher;LARCHER GERARD;14/09/49;PM396527;GROUPESENAT
PA259;Mme;Nicole;Ameline;Ameline;04/07/52;PM645395;ASSEMBLEE
PA332206;M.;Jean-René;Marsac;Marsac;21/04/54;PM645538;ASSEMBLEE
PA610733;M.;Thierry;Robert;RobertT;01/04/77;PM645290;ASSEMBLEE
PA2700;M.;François;Scellier;Scellier;07/05/36;PM645196;ASSEMBLEE
PA2707;M.;André;Schneider;Schneider;03/01/47;PM645575;ASSEMBLEE
PA1308;M.;Jean-Jacques;Filleul;FILLEUL_JEAN_JACQUES_11107G;22/06/43;PM429971;SENAT
PA609016;M.;Denis;Baupin;Baupin;02/06/62;PM645074;ASSEMBLEE
PA608011;M.;Joaquim;Pueyo;Pueyo;30/05/50;PM645066;ASSEMBLEE
PA605278;M.;Christophe;Léonard;Leonard;31/01/71;PM645462;ASSEMBLEE
PA834;M.;Yves;Chastan;CHASTAN YVES;20/04/48;PM516778;COMSENAT
PA677484;M.;André;Vairetto;VAIRETTO ANDRÉ;20/01/60;PM677486;COMSENAT
PA313208;M.;François;Vendasi;VENDASI FRANÇOIS;24/06/40;PM313273;GROUPESENAT
PA608016;Mme;Véronique;Louwagie;Louwagie;20/03/61;PM645071;ASSEMBLEE
PA610125;M.;Jean-Christophe;Fromantin;Fromantin;30/08/62;PM645088;ASSEMBLEE
PA2936;M.;Michel;Voisin;VoisinM ;06/10/44;PM645272;ASSEMBLEE
PA230329;M.;Jean-François;Lamour;Lamour J;02/02/56;PM645079;ASSEMBLEE
PA608785;Mme;Bernadette;Laclais;Laclais;10/03/67;PM645567;ASSEMBLEE
PA341339;Mme;Colette;Langlade;Langlade;20/06/56;PM645496;ASSEMBLEE
PA331014;Mme;Catherine;Quéré;Quere;16/03/48;PM645422;ASSEMBLEE
PA330546;Mme;Marie-Lou;Marcel;Marcel;21/08/53;PM645492;ASSEMBLEE
PA1585;M.;Jean-Jacques;Guillet;Guillet;16/10/46;PM645094;ASSEMBLEE
PA1037;M.;Robert;del Picchia;DEL PICCHIA;10/11/42;PM443937;COMSENAT
PA1214;M.;Yves;Durand;Durand Y;06/06/46;PM645446;ASSEMBLEE
PA1032;M.;Pascal;Deguilhem;Deguilhem;09/02/56;PM645488;ASSEMBLEE
PA1031;M.;Lucien;Degauchy;Degauchy;11/06/37;PM645044;ASSEMBLEE
PA508;Mme;Gisèle;Biémouret;Biemouret;16/06/52;PM645397;ASSEMBLEE
PA631;M.;Michel;Boutant;BOUTANT MICHEL;23/11/56;PM683581;DELEGSENAT
PA607509;Mme;Chaynesse;Khirouni;Khirouni;17/03/68;PM645369;ASSEMBLEE
PA2895;M.;Michel;Vergnier;Vergnier;25/11/46;PM645485;ASSEMBLEE
PA1642;M.;Edmond;Hervé;HERVE EDMOND;03/12/42;PM421659;DELEGSENAT
PA643196;M.;Romain;Joron;Joron;13/09/68;PM713241;GP
PA2893;M.;Paul;Vergès;VERGES;05/03/25;PM430068;SENAT
PA267042;M.;Yannick;Favennec Becot;FavennecBecot;12/08/58;PM645368;ASSEMBLEE
PA610830;M.;Daniel;Gibbes;Gibbes;08/01/68;PM645039;ASSEMBLEE
PA330788;M.;Bernard;Reynès;Reynes;18/10/53;PM645510;ASSEMBLEE
PA643177;M.;David;Comet;Comet;25/07/73;PM713158;GP
PA267822;M.;Jacques Alain;Bénisti;Benisti;10/04/52;PM645151;ASSEMBLEE
PA606745;Mme;Isabelle;Bruneau;Bruneau;26/03/66;PM645560;ASSEMBLEE
PA606212;M.;Gilbert;Collard;Collard;03/02/48;PM645330;ASSEMBLEE
PA266797;M.;Philippe;Gosselin;Gosselin;23/10/66;PM645338;ASSEMBLEE
PA1459;M.;Bernard;Gérard;Gerard B;29/08/53;PM645518;ASSEMBLEE
PA267317;M.;Dominique;Le Mèner;LeMener;12/11/58;PM645623;ASSEMBLEE
PA606693;Mme;Isabelle;Le Callennec;LeCallennec;14/10/66;PM645542;ASSEMBLEE
PA590031;M.;Kader;Arif;Arif;03/07/59;PM591261;MINISTERE
PA267227;Mme;Arlette;Grosskost;Grosskost;19/07/53;PM645618;ASSEMBLEE
PA267954;Mme;Danièle;Hoffman-Rispal;HoffmanRispal;22/06/51;PM676802;ASSEMBLEE
PA651963;Mme;Hélène;Lipietz;LIPIETZ HÉLÈNE;07/05/58;PM651971;GROUPESENAT
PA695829;Mme;Françoise;Boog;BOOG FRANÇOISE;02/08/60;PM695830;GROUPESENAT
PA267551;M.;Jacques;Lamblin;Lamblin;29/08/52;PM645372;ASSEMBLEE
PA423245;M.;Ronan;Kerdraon;KERDRAON RONAN;16/07/62;PM423246;SENAT
PA267556;M.;Alain;Marty;Marty;07/03/46;PM645396;ASSEMBLEE
PA429857;Mme;Leila;Aïchi;AICHI_LEILA_11076S;14/05/70;PM430046;SENAT
PA429855;M.;Maurice;Antiste;ANTISTE_MAURICE_C4745;22/06/53;PM429981;SENAT
PA429854;M.;Pierre;Charon;CHARON_PIERRE_11080N;01/03/51;PM430047;SENAT
PA429856;M.;Abdourahamane;Soilihi;SOILIHI_ABDOURAHAMANE_C4750;04/10/59;PM429982;SENAT
PA429851;M.;René-Paul;Savary;SAVARY_RENE_PAUL_11097X;03/01/53;PM429959;SENAT
PA429852;M.;Yannick;Vaugrenard;VAUGRENARD_YANNICK_11066Q;25/06/50;PM430021;SENAT
PA429850;M.;Jean;Germain;GERMAIN_JEAN_11108H;11/09/47;PM429972;SENAT
PA429853;M.;Hilarion;Vendegou;VENDEGOU HILARION;04/09/41;PM429900;SENAT
PA429858;M.;Philippe;Bas;BAS PHILIPPE;20/07/58;PM429958;SENAT
PA2394;M.;Jean-Claude;Peyronnet;PEYRONNET;07/11/40;PM303967;SENAT
PA2775;M.;Alain;Suguenot;Suguenot;17/09/51;PM645461;ASSEMBLEE
PA2774;M.;Jean-Pierre;Sueur;SUEUR;28/02/47;PM227339;GROUPESENAT
PA2552;M.;Alain;Richard;RICHARD ALAIN;29/08/45;PM429997;SENAT
PA605643;M.;Alain;Calmette;Calmette;30/11/57;PM645405;ASSEMBLEE
PA429859;M.;Michel;Vergoz;VERGOZ_MICHEL_11025F;10/01/50;PM430002;SENAT
PA422119;M.;David;Douillet;Douillet;17/02/69;PM645183;ASSEMBLEE
PA2776;M.;Simon;Sutour;SUTOUR;18/08/52;PM679785;ORGAINT
PA1857;M.;Thierry;Lazaro;Lazaro;27/09/60;PM645505;ASSEMBLEE
PA2603;M.;Marcel;Rogemont;Rogemont;03/01/48;PM711256;MISINFO
PA608574;Mme;Hélène;Geoffroy;Geoffroy;04/03/70;PM645588;ASSEMBLEE
PA609222;Mme;Dominique;Chauvel;Chauvel;15/02/58;PM645137;ASSEMBLEE
PA2600;M.;Alain;Rodet;Rodet;04/06/44;PM645335;ASSEMBLEE
PA606631;M.;Christian;Assaf;Assaf;01/09/72;PM645516;ASSEMBLEE
PA588886;M.;Stéphane;Le Foll;LeFoll;03/02/60;PM591206;MINISTERE
PA268019;M.;Jean-Christophe;Lagarde;Lagarde J;24/10/67;PM645116;ASSEMBLEE
PA344776;Mme;Dominique;Nachury;Nachury;01/06/51;PM645584;ASSEMBLEE
PA609314;M.;Emeric;Bréhier;Brehier;26/12/71;PM645145;ASSEMBLEE
PA1931;M.;Pierre;Lellouche;Lellouche;03/05/51;PM645042;ASSEMBLEE
PA1936;M.;Patrick;Lemasle;Lemasle;18/05/52;PM645382;ASSEMBLEE
PA605261;Mme;Sabine;Buis;Buis;15/09/70;PM645456;ASSEMBLEE
PA1020;M.;Bernard;Debré;Debre B;30/09/44;PM645057;ASSEMBLEE
PA1029;M.;Bernard;Deflesselles;Deflesselles;16/10/53;PM645524;ASSEMBLEE
PA608684;Mme;Edith;Gueugneau;Gueugneau;07/06/53;PM645599;ASSEMBLEE
PA343775;Mme;Brigitte;Lherbier;LHERBIER_Brigitte;21/06/56;PM736367;SENAT
PA2952;M.;Jean-Luc;Warsmann;Warsmann;22/10/65;PM645464;ASSEMBLEE
PA754;M.;Patrice;Carvalho;Carvalho;15/11/52;PM645050;ASSEMBLEE
PA1592;M.;David;Habib;HabibD;16/03/61;PM645232;ASSEMBLEE
PA608686;M.;Philippe;Baumel;Baumel;14/11/61;PM645601;ASSEMBLEE
PA1204;M.;Ambroise;Dupont;DUPONT AMBROISE;11/05/37;PM421478;ORGAINT
PA1208;M.;Jean-Paul;Dupré;Dupre;05/02/44;PM645486;ASSEMBLEE
PA642963;M.;Jean-Louis;Rousselin;Rousselin;19/04/58;PM717458;GP
PA267148;M.;Franck;Gilard;Gilard;01/11/50;PM645161;ASSEMBLEE
PA642965;M.;Jacques;Dellerie;Dellerie;28/01/47;PM713175;GP
PA642962;Mme;Marie;Le Vern;LeVern;11/01/83;PM713274;GP
PA1203;M.;Jean-Léonce;Dupont;DUPONT JEAN-LEONCE;31/01/55;PM309482;GROUPESENAT
PA1206;M.;Nicolas;Dupont-Aignan;DupontAignan;07/03/61;PM645054;ASSEMBLEE
PA606639;M.;Patrick;Vignal;Vignal;22/01/58;PM645521;ASSEMBLEE
PA1447;M.;Patrice;Gélard;GELARD;03/08/38;PM286490;GROUPESENAT
PA609816;Mme;Véronique;Massonneau;Massonneau;17/07/59;PM645334;ASSEMBLEE
PA267813;M.;Guy;Geoffroy;Geoffroy;26/05/49;PM645172;ASSEMBLEE
PA1445;M.;Hervé;Gaymard;Gaymard;31/05/60;PM645563;ASSEMBLEE
PA331481;M.;Bruno;Le Maire;LeMaire;15/04/69;PM645136;ASSEMBLEE
PA1443;M.;Jacques;Gautier;GAUTIER JACQUES;18/09/46;PM421413;GROUPESENAT
PA267499;M.;Christophe;Guilloteau;Guilloteau;18/06/58;PM645572;ASSEMBLEE
PA643145;Mme;Hélène;Vainqueur-Christophe;VainqueurChristophe;06/05/56;PM676812;ASSEMBLEE
PA415471;M.;Marc;Daunis;DAUNIS MARC;22/04/55;PM421705;DELEGSENAT
PA1116;M.;Michel;Destot;Destot;02/09/46;PM645530;ASSEMBLEE
PA606910;Mme;Michèle;Bonneton;Bonneton;15/07/47;PM645547;ASSEMBLEE
PA266788;M.;Pierre;Morel-À-L'Huissier;MorelALHuissier;21/12/58;PM645294;ASSEMBLEE
PA267492;M.;Jean-Jacques;Candelier;Candelier;07/03/45;PM645465;ASSEMBLEE
PA609218;Mme;Estelle;Grelier;Grelier;22/06/73;PM645132;ASSEMBLEE
PA481;M.;Michel;Berson;BERSON_MICHEL_11068S;21/04/45;PM429927;SENAT
PA267788;Mme;Jacqueline;Farreyrol;FARREYROL_JACQUELINE_11022C;25/02/39;PM430001;SENAT
PA609963;M.;Michel;Pouzol;Pouzol;05/07/62;PM645045;ASSEMBLEE
PA606351;Mme;Carole;Delga;Delga;19/08/71;PM645384;ASSEMBLEE
PA267965;Mme;Annick;Lepetit;Lepetit;31/03/58;PM645052;ASSEMBLEE
PA330684;Mme;Valérie;Boyer;BoyerV;11/06/62;PM645497;ASSEMBLEE
PA267785;M.;Guillaume;Larrivé;Larrive;24/01/77;PM645359;ASSEMBLEE
PA267765;M.;François-Xavier;Villain;Villain;31/05/50;PM645472;ASSEMBLEE
PA304737;M.;Benoît;Huré;HURE BENOIT;05/06/53;PM307809;GROUPESENAT
PA267762;M.;Jean-Pierre;Decool;Decool_Jean_Pierre;19/10/52;PM645455;ASSEMBLEE
PA337633;Mme;Annick;Girardin;GirardinA;03/08/64;PM645317;ASSEMBLEE
PA227440;M.;Christian;Cointat;COINTAT;11/07/43;PM286460;GROUPESENAT
PA304090;M.;Serge;Larcher;LARCHER SERGE;17/10/45;PM304365;GROUPESENAT
PA642705;M.;Guy;Bailliart;Bailliart;24/09/46;PM712927;GE
PA343988;M.;Olivier;Paccaud;PACCAUD_Olivier;13/04/69;PM736310;SENAT
PA429841;M.;Dominique;Watrin;WATRIN_DOMINIQUE_11063M;14/06/53;PM430014;SENAT
PA429842;Mme;Sophie;Primas;PRIMAS_SOPHIE_11090Q;07/06/62;PM429920;SENAT
PA429840;M.;Thani;Mohamed Soilihi;MOHAMED_SOILIHI_THANI_11072N;20/06/72;PM429983;SENAT
PA429845;M.;Ronan;Dantec;DANTEC_RONAN_11065P;05/08/63;PM430023;SENAT
PA429843;Mme;Natacha;Bouchart;BOUCHART_NATACHA_11060J;29/05/63;PM430013;SENAT
PA429846;M.;Christophe;Béchu;BECHU_CHRISTOPHE_11030C;11/06/74;PM429917;SENAT
PA429844;Mme;Michelle;Meunier;MEUNIER_MICHELLE_11067R;24/01/56;PM430022;SENAT
PA429847;Mme;Chantal;Jouanno;JOUANNO CHANTAL;12/07/69;PM430067;SENAT
PA429849;M.;Christian;Namy;NAMY_CHRISTIAN_C4633;19/10/38;PM429952;SENAT
PA643190;M.;Gérard;Poadja;POADJA_Gerard;30/09/63;PM736252;SENAT
PA2543;M.;Charles;Revet;REVET;09/11/37;PM286561;GROUPESENAT
PA429848;M.;Henri;Tandonnet;TANDONNET_HENRI_C4575;14/12/49;PM429951;SENAT
PA1842;M.;Robert;Laufoaulu;LAUFOAULU;07/07/47;PM286594;GROUPESENAT
PA906;M.;Gérard;Collomb;COLLOMB GERARD;20/06/47;PM303911;SENAT
PA1844;M.;Jean;Launay;Launay;24/07/52;PM645254;ASSEMBLEE
PA905;M.;Yvon;Collin;COLLIN;10/04/44;PM303952;SENAT
PA2549;Mme;Marie-Line;Reynaud;Reynaud;17/07/54;PM645412;ASSEMBLEE
PA606924;Mme;Joëlle;Huillier;Huillier;06/10/48;PM645527;ASSEMBLEE
PA2611;M.;Bernard;Roman;Roman;15/07/52;PM645436;ASSEMBLEE
PA391505;Mme;Brigitte;Gonthier-Maurin;GONTHIER-MAURIN BRIGITTE;23/04/56;PM391558;GROUPESENAT
PA2161;M.;Michel;Mercier;MERCIER_MICHEL;07/03/47;PM309492;GROUPESENAT
PA2613;M.;Yves;Rome;ROME_YVES_11046L;25/04/50;PM430006;SENAT
PA609764;M.;Yannick;Moreau;Moreau;04/08/75;PM645323;ASSEMBLEE
PA1809;M.;Jérôme;Lambert;Lambert;07/06/57;PM645415;ASSEMBLEE
PA336112;M.;Jacques;Valax;Valax;23/08/51;PM645253;ASSEMBLEE
PA745;M.;Jean-Louis;Carrère;CARRERE;04/12/44;PM227312;GROUPESENAT
PA608363;M.;Philippe;Bies;Bies;14/01/64;PM645571;ASSEMBLEE
PA330981;Mme;Martine;Pinville;Pinville;23/10/58;PM645409;ASSEMBLEE
PA609365;M.;Henri;Guaino;Guaino;11/03/57;PM645191;ASSEMBLEE
PA859;M.;Jean-Pierre;Chevènement;CHEVENEMENT;09/03/39;PM421472;ORGAINT
PA415477;M.;Jean-Luc;Fichet;FICHET JEAN-LUC;15/07/53;PM421691;DELEGSENAT
PA336971;M.;Daniel;Goldberg;Goldberg;24/08/65;PM645102;ASSEMBLEE
PA607632;M.;Philippe;Noguès;Nogues;07/05/55;PM645387;ASSEMBLEE
PA608695;Mme;Cécile;Untermaier;Untermaier;28/12/51;PM645605;ASSEMBLEE
PA608741;Mme;Sylvie;Tolmont;Tolmont;09/10/62;PM711236;MISINFO
PA333611;Mme;Aurélie;Filippetti;Filippetti;17/06/73;PM591197;MINISTERE
PA1695;M.;Christian;Jacob;Jacob;04/12/59;PM645157;ASSEMBLEE
PA415473;Mme;Colette;Giudicelli;GIUDICELLI COLETTE;24/11/43;PM437038;DELEGSENAT
PA1699;M.;Denis;Jacquat;Jacquat;29/05/44;PM645390;ASSEMBLEE
PA611;M.;Joël;Bourdin;BOURDIN;25/01/38;PM286445;GROUPESENAT
PA606586;M.;Frédéric;Roig;Roig;18/05/69;PM645490;ASSEMBLEE
PA267151;M.;Jean-Pierre;Gorges;Gorges;03/08/53;PM645165;ASSEMBLEE
PA608718;Mme;Françoise;Dubois;Dubois;06/12/47;PM645610;ASSEMBLEE
PA1275;M.;Hubert;Falco;FALCO;15/05/47;PM426335;SENAT
PA1477;M.;Jordi;Ginesta;Ginesta_Jordi;08/07/42;PM645282;ASSEMBLEE
PA1476;Mme;Dominique;Gillot;GILLOT DOMINIQUE_C5752;11/07/49;PM429998;SENAT
PA607187;Mme;Monique;Rabin;Rabin;02/07/54;PM645224;ASSEMBLEE
PA267801;M.;Yves;Jégo;Jego;17/04/61;PM645153;ASSEMBLEE
PA266774;M.;Laurent;Furst;Furst;19/05/65;PM645583;ASSEMBLEE
PA266776;M.;Frédéric;Reiss;Reiss;12/11/49;PM711237;MISINFO
PA607369;M.;Serge;Bardy;Bardy;06/11/47;PM645318;ASSEMBLEE
PA494;M.;Jean;Besson;BESSON JEAN;01/07/48;PM421465;ORGAINT
PA642805;Mme;Régine;Povéda;Povéda;24/08/57;PM707689;GE
PA1301;M.;André;Ferrand;FERRAND ANDRE;22/02/36;PM286478;GROUPESENAT
PA331582;M.;Philippe;Vigier;VigierP;03/02/58;PM645198;ASSEMBLEE
PA335054;Mme;Marietta;Karamanli;Karamanli;18/12/64;PM645614;ASSEMBLEE
PA605952;Mme;Barbara;Romagnan;Romagnan;25/04/74;PM645049;ASSEMBLEE
PA267797;Mme;Catherine;Vautrin;Vautrin;26/07/60;PM645350;ASSEMBLEE
PA267794;Mme;Michèle;Tabarot;Tabarot;13/10/62;PM711235;MISINFO
PA590034;Mme;Marie-Arlette;Carlotti;Carlotti;21/01/52;PM591264;MINISTERE
PA267795;M.;Jean-Pierre;Leleux;LELEUX JEAN-PIERRE;08/05/47;PM421489;ORGAINT
PA267576;M.;Marcel;Bonnot;Bonnot M;24/05/46;PM645073;ASSEMBLEE
PA590032;M.;Benoît;Hamon;Hamon;26/06/67;PM591243;MINISTERE
PA606161;Mme;Chantal;Guittet;Guittet;12/03/55;PM645250;ASSEMBLEE
PA341481;M.;Guy;Lefrand;Lefrand;11/03/63;PM718620;ASSEMBLEE
PA331807;Mme;Martine;Martinel;Martinel;26/09/53;PM645367;ASSEMBLEE
PA343408;M.;Jean-Marc;Fournel;Fournel;09/12/58;PM707676;GE
PA267775;M.;Philippe;Cochet;CochetP;23/05/61;PM645585;ASSEMBLEE
PA642736;Mme;Marie-Thérèse;Le Roy;LeRoy;07/05/53;PM713270;GP
PA303998;Mme;Christiane;Demontès;DEMONTES CHRISTIANE;14/05/54;PM304122;SENAT
PA303999;Mme;Muguette;Dini;DINI MUGUETTE;16/03/40;PM304124;SENAT
PA687214;M.;Sylvain;Berrios;Berrios;06/05/68;PM687217;ASSEMBLEE
PA303993;M.;Roland;Ries;RIES ROLAND;11/01/45;PM310472;GROUPESENAT
PA303994;Mme;Esther;Sittler;SITTLER ESTHER;09/05/52;PM318624;GROUPESENAT
PA303995;Mme;Patricia;Schillinger;SCHILLINGER;18/01/63;PM304131;SENAT
PA642739;M.;Gwenegan;Bui;Bui;27/07/74;PM676811;ASSEMBLEE
PA346876;M.;Thierry;Solère;Solere;17/08/71;PM645097;ASSEMBLEE
PA331973;Mme;Pascale;Got;Got;01/04/61;PM645438;ASSEMBLEE
PA303992;Mme;Fabienne;Keller;KELLER FABIENNE;20/10/59;PM310448;SENAT
PA304074;M.;Jean-Claude;Merceron;MERCERON JEAN-CLAUDE;12/01/42;PM304260;SENAT
PA304077;M.;Pierre;Bordier;BORDIER PIERRE;21/06/45;PM304242;SENAT
PA304076;M.;Jackie;Pierre;PIERRE JACKIE;27/05/46;PM304262;SENAT
PA304073;Mme;Christiane;Hummel;HUMMEL CHRISTIANE;08/05/42;PM304253;SENAT
PA303997;M.;François-Noël;Buffet;BUFFET FRANÇOIS-NOËL;28/08/63;PM304120;SENAT
PA304071;M.;Pierre-Yves;Collombat;COLLOMBAT PIERRE-YVES;18/07/45;PM304244;SENAT
PA304079;M.;Serge;Dassault;DASSAULT SERGE;04/04/25;PM304304;GROUPESENAT
PA303996;Mme;Catherine;Troendlé;TROENDLE CATHERINE;20/02/61;PM304133;SENAT
PA336576;Mme;Marie-Louise;Fort;Fort;03/12/50;PM645364;ASSEMBLEE
PA2377;M.;Bernard;Perrut;Perrut;24/01/57;PM645591;ASSEMBLEE
PA2597;M.;François;Rochebloine;Rochebloine;31/10/45;PM645126;ASSEMBLEE
PA1871;M.;Jean-Yves;Le Déaut;LeDeaut;01/02/45;PM645374;ASSEMBLEE
PA333335;M.;Hervé;Féron;Feron;03/08/56;PM711249;MISINFO
PA2374;Mme;Geneviève;Gaillard;GaillardG;13/05/47;PM645217;ASSEMBLEE
PA1874;M.;Marc;Le Fur;LeFur;28/11/56;PM645474;ASSEMBLEE
PA227098;M.;Jean-Marie;Vanlerenberghe;VANLERENBERGHE;29/03/39;PM318653;GROUPESENAT
PA605069;M.;Jean-Louis;Bricout;BricoutJ;27/12/57;PM645534;ASSEMBLEE
PA227097;M.;André;Trillard;TRILLARD;24/10/47;PM286576;GROUPESENAT
PA2112;M.;Marc;Massion;MASSION;12/11/35;PM303930;SENAT
PA227099;M.;François;Zocchetto;ZOCCHETTO;14/12/58;PM427299;GROUPESENAT
PA227094;M.;Bruno;Sido;SIDO;19/02/51;PM286571;GROUPESENAT
PA2116;M.;Jean Louis;Masson;MASSON JEANLOUIS;25/03/47;PM301120;GROUPESENAT
PA1919;M.;Jacques;Legendre;LEGENDRE;02/12/41;PM286524;GROUPESENAT
PA606555;Mme;Anne-Yvonne;Le Dain;LeDain;01/09/55;PM645477;ASSEMBLEE
PA333421;M.;Bertrand;Pancher;Pancher;05/06/58;PM645375;ASSEMBLEE
PA227092;M.;Daniel;Raoul;RAOUL;28/07/41;PM227333;GROUPESENAT
PA1911;M.;Michel;Lefait;Lefait;20/05/46;PM645152;ASSEMBLEE
PA2027;M.;Philippe;Madrelle;MADRELLE;21/04/37;PM430404;COMSENAT
PA2023;M.;Roger;Madec;MADEC ROGER;27/10/50;PM304356;GROUPESENAT
PA1466;M.;Alain;Gest;Gest;27/12/50;PM645240;ASSEMBLEE
PA1046;M.;Francis;Delattre;DELATTRE_FRANCIS_11088W;11/09/46;PM429996;SENAT
PA609578;Mme;Linda;Gourjade;Gourjade;13/07/62;PM645256;ASSEMBLEE
PA2971;Mme;Marie-Jo;Zimmermann;Zimmermann;29/04/51;PM645392;ASSEMBLEE
PA345937;M.;Jean-Frédéric;Poisson;Poisson;22/01/63;PM645177;ASSEMBLEE
PA607769;M.;Rémi;Pauvros;Pauvros;01/07/52;PM645494;ASSEMBLEE
PA1048;M.;Michel;Delebarre;DELEBARRE_MICHEL_11035H;27/04/46;PM429935;SENAT
PA610075;M.;Sébastien;Pietrasanta;Pietrasanta;07/08/77;PM645068;ASSEMBLEE
PA267165;M.;Luc;Chatel;Chatel;15/08/64;PM645360;ASSEMBLEE
PA1689;Mme;Françoise;Imbert;Imbert;16/09/47;PM645378;ASSEMBLEE
PA1268;M.;Laurent;Fabius;Fabius;20/08/46;PM591164;MINISTERE
PA330357;M.;Olivier;Dussopt;Dussopt;16/08/78;PM645453;ASSEMBLEE
PA1684;M.;Jean-Jacques;Hyest;HYEST;02/03/43;PM286511;GROUPESENAT
PA609775;M.;Hugues;Fourage;Fourage;04/06/65;PM645329;ASSEMBLEE
PA608641;M.;Yves;Blein;Blein;12/10/54;PM645579;ASSEMBLEE
PA342564;Mme;Monique;Lubin;Lubin_Monique;16/07/63;PM736388;SENAT
PA267013;M.;Michel;Sordi;Sordi;09/11/53;PM645613;ASSEMBLEE
PA642940;Mme;Fanélie;Carrey-Conte;CarreyConte;16/05/80;PM676814;ASSEMBLEE
PA216574;M.;Francis;Hillmeyer;Hillmeyer;09/09/46;PM645629;ASSEMBLEE
PA1319;M.;Gaston;Flosse;FLOSSE;24/06/31;PM430332;COMSENAT
PA1311;M.;Guy;Fischer;FISCHER;12/01/44;PM303917;SENAT
PA1310;M.;François;Fillon;FILLON;04/03/54;PM645047;ASSEMBLEE
PA606712;M.;Gilles;Lurton;Lurton;06/07/63;PM645549;ASSEMBLEE
PA642836;Mme;Geneviève;Gosselin-Fleury;GosselinFleury;22/02/54;PM676799;ASSEMBLEE
PA337504;Mme;Chantal;Berthelot;Berthelot;12/09/58;PM645271;ASSEMBLEE
PA607287;M.;Matthias;Fekl;Fekl;04/10/77;PM645263;ASSEMBLEE
PA607283;Mme;Lucette;Lousteau;Lousteau;20/12/48;PM645259;ASSEMBLEE
PA606375;Mme;Émilienne;Poumirol;Poumirol;25/07/50;PM676790;ASSEMBLEE
PA331594;M.;Jean-Jacques;Urvoas;Urvoas;19/09/59;PM645208;ASSEMBLEE
PA606623;M.;Sébastien;Denaja;Denaja;14/01/79;PM645513;ASSEMBLEE
PA267585;M.;Francis;Vercamer;Vercamer;10/05/58;PM645508;ASSEMBLEE
PA314;M.;Olivier;Audibert Troin;AudibertTroin;16/08/60;PM645292;ASSEMBLEE
PA267743;M.;Édouard;Courtial;Courtial;28/06/73;PM645058;ASSEMBLEE
PA417099;M.;Arnaud;Robinet;Robinet;30/04/75;PM645346;ASSEMBLEE
PA642724;M.;Frédéric;Barbier;Barbier;30/08/60;PM676813;ASSEMBLEE
PA304086;Mme;Catherine;Procaccia;PROCACCIA CATHERINE;13/10/49;PM304324;GROUPESENAT
PA304085;M.;Christian;Cambon;CAMBON CHRISTIAN;08/03/48;PM304303;GROUPESENAT
PA267204;M.;Jean-Marie;Sermier;Sermier;05/03/61;PM645551;ASSEMBLEE
PA304088;M.;Jacques;Gillot;GILLOT JACQUES;04/03/48;PM304364;GROUPESENAT
PA304082;Mme;Éliane;Assassi;ASSASSI ELIANE;02/10/58;PM304282;GROUPESENAT
PA337568;M.;Jean-Claude;Fruteau;Fruteau;06/06/47;PM645287;ASSEMBLEE
PA2295;M.;Patrick;Ollier;Ollier;17/12/44;PM645091;ASSEMBLEE
PA2365;M.;Jean-Claude;Perez;Perez;31/03/64;PM645481;ASSEMBLEE
PA333043;M.;Marc;Goua;Goua;03/03/40;PM645303;ASSEMBLEE
PA304069;M.;Pierre;Martin;MARTIN PIERRE;27/09/43;PM318662;GROUPESENAT
PA304062;M.;Daniel;Dubois;DUBOIS DANIEL;05/02/52;PM304247;SENAT
PA610681;Mme;Ericka;Bareigts;Bareigts;16/04/67;PM645275;ASSEMBLEE
PA2360;M.;Daniel;Percheron;PERCHERON;31/08/42;PM227331;GROUPESENAT
PA693008;M.;Napole;Polutele;Polutele;25/06/64;PM693014;ASSEMBLEE
PA227089;Mme;Valérie;Létard;LETARD;13/10/62;PM309490;GROUPESENAT
PA1867;M.;Gérard;Le Cam;LECAM;24/02/54;PM430235;SENAT
PA227083;Mme;Odette;Herviaux;HERVIAUX;06/01/48;PM227323;GROUPESENAT
PA1866;M.;Gilbert;Le Bris;LeBris;03/03/49;PM645284;ASSEMBLEE
PA227087;M.;Jean-René;Lecerf;LECERF;10/04/51;PM286522;GROUPESENAT
PA2631;M.;René;Rouquet;ROUQUET RENÉ;15/02/46;PM645178;ASSEMBLEE
PA227088;M.;Philippe;Leroy;LEROY PHILIPPE;03/02/40;PM286527;GROUPESENAT
PA610066;M.;Alexis;Bachelay;Bachelay;19/08/73;PM645059;ASSEMBLEE
PA336175;Mme;Sylvia;Pinel;Pinel;28/09/77;PM591240;MINISTERE
PA309643;Mme;Véronique;Besse;Besse V;11/08/63;PM645326;ASSEMBLEE
PA609292;M.;Eduardo;Rihan Cypel;RihanCypel;13/11/75;PM645169;ASSEMBLEE
PA877;Mme;Marie-Françoise;Clergeau;Clergeau;02/05/48;PM645349;ASSEMBLEE
PA609743;Mme;Sylviane;Bulteau;Bulteau;21/04/64;PM645321;ASSEMBLEE
PA875;M.;Marcel-Pierre;Cléach;CLEACH;16/01/34;PM286458;GROUPESENAT
PA872;M.;Alain;Claeys;Claeys;25/08/48;PM645331;ASSEMBLEE
PA334951;M.;Jean-Michel;Villaumé;Villaume;27/03/46;PM645594;ASSEMBLEE
PA345785;Mme;Claudine;Thomas;THOMAS_Claudine;19/08/61;PM736294;SENAT
PA608434;M.;Claude;Sturni;Sturni;25/08/62;PM645593;ASSEMBLEE
PA415489;M.;Jean-François;Mayet;MAYET JEAN-FRANÇOIS;30/01/40;PM421715;DELEGSENAT
PA415488;Mme;Nicole;Bonnefoy;BONNEFOY NICOLE;11/08/58;PM421703;DELEGSENAT
PA415480;M.;Raymond;Vall;VALL RAYMOND;13/01/42;PM516840;COMSENAT
PA415482;M.;Jacques;Mézard;MEZARD JACQUES;03/12/47;PM421671;DELEGSENAT
PA415485;M.;Claude;Bérit-Débat;BERITDEBAT CLAUDE;19/02/46;PM421932;DELEGSENAT
PA415487;M.;Jacques;Berthou;BERTHOU JACQUES;03/03/40;PM436998;DELEGSENAT
PA608348;M.;Pierre;Aylagas;Aylagas;24/07/42;PM645322;ASSEMBLEE
PA415484;M.;Rachel;Mazuir;MAZUIR RACHEL;12/02/40;PM436992;DELEGSENAT
PA609345;M.;François;de Mazières;Mazieres (de);22/05/60;PM711254;MISINFO
PA415486;Mme;Sylvie;Goy-Chavent;GOY-CHAVENT SYLVIE;23/05/63;PM421687;DELEGSENAT
PA415481;Mme;Bernadette;Bourzai;BOURZAI BERNADETTE;28/05/45;PM421690;DELEGSENAT
PA415463;M.;Roland;Povinelli;POVINELLI;09/08/41;PM430413;COMSENAT
PA415460;M.;Alain;Anziani;ANZIANI ALAIN;30/05/51;PM430216;SENAT
PA415462;M.;Alain;Chatillon;CHATILLON ALAIN;15/03/43;PM421695;DELEGSENAT
PA415483;M.;Yves;Daudigny;DAUDIGNY YVES;23/02/47;PM421676;DELEGSENAT
PA415467;M.;Dominique;de Legge;LEGGE (DE) DOMINIQUE;18/02/52;PM430365;COMSENAT
PA415466;M.;Jean-Jacques;Mirassou;MIRASSOU JEAN-JACQUES;01/11/52;PM421662;DELEGSENAT
PA415465;Mme;Virginie;Klès;KLES VIRGINIE;18/08/61;PM430460;COMSENAT
PA607761;Mme;Audrey;Linkenheld;Linkenheld;11/10/73;PM645482;ASSEMBLEE
PA415464;Mme;Françoise;Laborde;LABORDE FRANÇOISE;08/07/58;PM437062;DELEGSENAT
PA345676;Mme;Marie-Françoise;Gaouyer;GAOUYER MARIE-FRANÇOISE;17/08/49;PM697782;COMSENAT
PA415461;Mme;Isabelle;Pasquet;PASQUET;08/03/62;PM684586;CMP
PA1075;M.;Marcel;Deneux;DENEUX;16/08/28;PM303913;SENAT
PA342415;Mme;Marie-Noëlle;Battistel;Battistel;20/08/56;PM645532;ASSEMBLEE
PA415469;M.;René;Vestri;VESTRI RENÉ;25/10/38;PM421656;DELEGSENAT
PA691475;Mme;Hélène;Masson-Maret;MASSONMARET HÉLÈNE;04/04/47;PM691476;COMSENAT
PA1070;M.;Jean-Pierre;Demerliat;DEMERLIAT;08/05/43;PM303955;SENAT
PA1071;Mme;Michelle;Demessine;DEMESSINE MICHELLE;18/06/47;PM227230;GROUPESENAT
PA415468;Mme;Samia;Ghali;GHALI SAMIA;10/06/68;PM431002;GROUPESENAT
PA672;M.;Jean-Jacques;Bridey;Bridey;07/05/53;PM645175;ASSEMBLEE
PA1675;M.;Jean-François;Humbert;HUMBERT;17/10/52;PM286510;GROUPESENAT
PA671;Mme;Nicole;Bricq;BRICQ NICOLE;10/06/47;PM591185;MINISTERE
PA1090;M.;Gérard;Dériot;DERIOT;01/11/44;PM286589;GROUPESENAT
PA642858;Mme;Nadège;Lefebvre;LEFEBVRE_Nadege;25/10/60;PM736311;SENAT
PA610873;Mme;Axelle;Lemaire;Lemaire;18/10/74;PM645215;ASSEMBLEE
PA1417;M.;René;Garrec;GARREC;24/12/34;PM286487;GROUPESENAT
PA610891;M.;Philip;Cordery;Cordery;17/04/66;PM645221;ASSEMBLEE
PA695100;M.;Meyer;Habib;HabibM;28/04/61;PM695114;GP
PA267918;Mme;Thérèse;Guilbert;Guilbert;18/02/43;PM676800;ASSEMBLEE
PA642844;Mme;Sylvie;Pichot;Pichot;01/06/55;PM676807;ASSEMBLEE
PA606495;M.;Gilles;Savary;Savary;06/12/54;PM645463;ASSEMBLEE
PA607691;M.;Laurent;Kalinowski;Kalinowski;28/06/55;PM645401;ASSEMBLEE
PA1521;M.;Philippe;Goujon;GOUJON PHILIPPE;30/04/54;PM645078;ASSEMBLEE
PA1252;M.;Henri;Emmanuelli;Emmanuelli;31/05/45;PM645095;ASSEMBLEE
PA606149;M.;Jean-Luc;Bleunven;Bleunven;20/12/58;PM645218;ASSEMBLEE
PA267178;M.;Nicolas;Dhuicq;Dhuicq;29/11/60;PM645473;ASSEMBLEE
PA300;M.;Bertrand;Auban;AUBAN;18/01/47;PM430406;COMSENAT
PA267598;Mme;Josette;Pons;Pons;12/12/47;PM645286;ASSEMBLEE
PA606363;M.;Christophe;Borgel;Borgel;03/09/63;PM645388;ASSEMBLEE
PA267591;M.;Georges;Fenech;Fenech;26/10/54;PM645573;ASSEMBLEE
PA607603;M.;Philippe;Le Ray;LeRay;16/06/68;PM645379;ASSEMBLEE
PA610203;M.;Jean-Marc;Germain;Germain;12/06/66;PM645065;ASSEMBLEE
PA695511;M.;Jean-Louis;Costes;Costes;23/08/63;PM695515;GP
PA606030;Mme;Nathalie;Nieson;Nieson;26/03/69;PM645123;ASSEMBLEE
PA267355;M.;Antoine;Herth;Herth;14/02/63;PM645581;ASSEMBLEE
PA227024;Mme;Annie;David;DAVID ANNIE;17/01/63;PM227229;GROUPESENAT
PA267358;M.;Jean-Louis;Christ;Christ;24/01/51;PM645602;ASSEMBLEE
PA429891;Mme;Esther;Benbassa;BENBASSA_ESTHER_11033F;27/03/50;PM430051;SENAT
PA429894;M.;Éric;Bocquet;BOCQUET_ERIC_11040E;08/11/57;PM429941;SENAT
PA429893;M.;Luc;Carvounas;CARVOUNAS_LUC_11032E;08/06/71;PM430048;SENAT
PA429890;M.;Alain;Bertrand;BERTRAND_ALAIN_C4582;23/02/51;PM543934;GROUPESENAT
PA609590;Mme;Valérie;Rabault;Rabault;25/04/73;PM645261;ASSEMBLEE
PA429896;M.;Gérard;Roche;ROCHE_GERARD_11093T;29/12/42;PM429966;SENAT
PA429897;Mme;Delphine;Bataille;BATAILLE_DELPHINE_11036J;16/09/69;PM429936;SENAT
PA605606;Mme;Clotilde;Valter;Valter;24/06/62;PM645394;ASSEMBLEE
PA429879;M.;Philippe;Esnol;ESNOL_PHILIPPE_11096W;02/04/54;PM429929;SENAT
PA429895;M.;Jean-Claude;Requier;REQUIER_JEAN_CLAUDE_C4565;04/10/47;PM429915;SENAT
PA1890;M.;Alain;Le Vern;LEVERN ALAIN;08/05/48;PM391562;SENAT
PA1893;Mme;Marylise;Lebranchu;Lebranchu;25/04/47;PM591209;MINISTERE
PA951;M.;Jean-Michel;Couve;Couve;03/01/40;PM645280;ASSEMBLEE
PA605131;M.;Christophe;Castaner;Castaner;03/01/66;PM645420;ASSEMBLEE
PA610654;M.;Jean-Philippe;Nilor;Nilor;15/05/65;PM645267;ASSEMBLEE
PA227096;M.;Jean-Marc;Todeschini;TODESCHINI;12/03/52;PM227340;GROUPESENAT
PA415499;M.;Georges;Patient;PATIENT GEORGES;01/04/49;PM421491;ORGAINT
PA415492;M.;Jean-Paul;Fournier;FOURNIER JEAN-PAUL;16/10/45;PM415602;SENAT
PA415491;Mme;Anne-Marie;Escoffier;ESCOFFIER ANNE-MARIE;15/08/42;PM430560;GROUPESENAT
PA415498;M.;Jean-Étienne;Antoinette;ANTOINETTE JEAN-ETIENNE;29/01/66;PM430399;COMSENAT
PA2000;M.;Jean-Louis;Lorrain;LORRAIN;12/03/48;PM423221;SENAT
PA1141;M.;Marc;Dolez;Dolez;21/10/52;PM645468;ASSEMBLEE
PA605426;M.;Patrick;Mennucci;Mennucci;08/04/55;PM645517;ASSEMBLEE
PA415497;M.;Richard;Tuheiava;TUHEIAVA RICHARD;28/02/74;PM430414;COMSENAT
PA415496;M.;François;Rebsamen;REBSAMEN FRANÇOIS;25/06/51;PM421664;DELEGSENAT
PA415490;Mme;Françoise;Laurent-Perrigot;LAURENT-PERRIGOT FRANÇOISE;27/02/50;PM437051;DELEGSENAT
PA336015;M.;Jean;Grellier;Grellier;17/05/47;PM645222;ASSEMBLEE
PA415470;M.;Jacky;Le Menn;LEMENN JACKY;17/03/41;PM430423;COMSENAT
PA719;M.;Jean-Christophe;Cambadélis;Cambadélis;14/08/51;PM645083;ASSEMBLEE
PA415476;Mme;Sophie;Joissains;JOISSAINS SOPHIE;25/10/69;PM430455;COMSENAT
PA331753;Mme;Catherine;Lemorton;Lemorton;20/06/61;PM645348;ASSEMBLEE
PA415495;M.;Alain;Houpert;HOUPERT ALAIN;13/08/57;PM516811;COMSENAT
PA2912;M.;Alain;Vidalies;Vidalies;17/03/51;PM591225;MINISTERE
PA415475;Mme;Maryvonne;Blondin;BLONDIN MARYVONNE;20/01/47;PM419015;API
PA605557;M.;Jean-David;Ciot;Ciot;01/05/67;PM645507;ASSEMBLEE
PA415474;M.;Louis;Nègre;NEGRE LOUIS;08/02/47;PM431260;GROUPESENAT
PA415472;M.;Serge;Andreoni;ANDREONI SERGE;15/03/40;PM430397;COMSENAT
PA415494;M.;Claude;Jeannerot;JEANNEROT CLAUDE;10/04/45;PM421660;DELEGSENAT
PA667;M.;Philippe;Briand;Briand P;26/10/60;PM645574;ASSEMBLEE
PA415479;M.;Philippe;Paul;PAUL PHILIPPE;25/01/65;PM421694;DELEGSENAT
PA1790;M.;Marc;Laffineur;Laffineur;10/08/45;PM645324;ASSEMBLEE
PA415478;M.;René;Teulade;TEULADE RENÉ;17/06/31;PM693321;CMP
PA331282;Mme;Corinne;Erhel;Erhel;03/02/67;PM645480;ASSEMBLEE
PA716;M.;François;Calvet;CALVET_FRANCOIS_11101A;01/04/53;PM429977;SENAT
PA608083;Mme;Brigitte;Bourguignon;Bourguignon;21/03/59;PM645142;ASSEMBLEE
PA606573;Mme;Fanny;Dombre Coste;DombreCoste;26/12/56;PM645484;ASSEMBLEE
PA610354;M.;Pascal;Popelin;Popelin;27/02/67;PM645106;ASSEMBLEE
PA394676;M.;Marc;Laménie;LAMENIE MARC;11/07/56;PM394947;GROUPESENAT
PA608662;M.;Alain;Chrétien;Chretien;17/03/75;PM645592;ASSEMBLEE
PA2828;M.;Alain;Tourret;Tourret;25/12/47;PM645402;ASSEMBLEE
PA1667;M.;Robert;Hue;HUE ROBERT;19/10/46;PM304284;GROUPESENAT
PA607606;M.;Jean-Pierre;Le Roch;LeRoch;18/03/46;PM645381;ASSEMBLEE
PA1660;M.;Michel;Houel;HOUEL MICHEL;08/11/42;PM304312;GROUPESENAT
PA592;Mme;Nicole;Borvo Cohen-Seat;BORVO COHEN-SEAT;08/12/45;PM223904;GROUPESENAT
PA1661;M.;Philippe;Houillon;Houillon;15/12/51;PM645181;ASSEMBLEE
PA2825;Mme;Marisol;Touraine;Touraine M;07/03/59;PM591176;MINISTERE
PA1401;M.;Yann;Galut;Galut;14/03/66;PM645439;ASSEMBLEE
PA608120;M.;Stéphane;Saint-André;SaintAndré;21/05/64;PM645159;ASSEMBLEE
PA330240;M.;Éric;Ciotti;Ciotti;28/09/65;PM645425;ASSEMBLEE
PA607395;M.;Stéphane;Travert;Travert;12/10/69;PM645343;ASSEMBLEE
PA610860;M.;Sergio;Coronado;Coronado;13/05/70;PM645212;ASSEMBLEE
PA610313;Mme;Elisabeth;Pochon;Pochon;19/04/55;PM645122;ASSEMBLEE
PA445;M.;Claude;Belot;BELOT;11/07/36;PM421673;DELEGSENAT
PA441;Mme;Huguette;Bello;Bello;24/08/50;PM645279;ASSEMBLEE
PA1336;M.;Thierry;Foucaud;FOUCAUD;18/01/54;PM303918;SENAT
PA607155;M.;Yves;Daniel;Daniel;31/07/54;PM645200;ASSEMBLEE
PA696;M.;Dominique;Bussereau;Bussereau;13/07/52;PM645428;ASSEMBLEE
PA267923;M.;Guy;Delcourt;Delcourt;13/07/47;PM713173;GP
PA344242;M.;Philippe;Kemel;Kemel;28/06/48;PM645170;ASSEMBLEE
PA607553;M.;Dominique;Potier;Potier;17/03/64;PM645373;ASSEMBLEE
PA382672;Mme;Nathalie;Goulet;GOULET NATHALIE;24/05/58;PM391508;COMSENAT
PA1243;M.;Christian;Eckert;Eckert;08/02/56;PM645371;ASSEMBLEE
PA643211;M.;Franck;Montaugé;MONTAUGE_Franck;14/09/61;PM696535;ASSEMBLEE
PA334;M.;Jean-Paul;Bacquet;Bacquet;11/03/49;PM645206;ASSEMBLEE
PA339;M.;Dominique;Baert;Baert;24/10/59;PM645511;ASSEMBLEE
PA335159;M.;Lionel;Tardy;Tardy L;07/06/66;PM645554;ASSEMBLEE
PA267728;M.;Christophe;Priou;Priou_Christophe;02/05/58;PM645216;ASSEMBLEE
PA606606;Mme;Dolores;Roqué;Roque;29/01/52;PM645509;ASSEMBLEE
PA607193;Mme;Sophie;Errante;Errante;22/07/71;PM645179;ASSEMBLEE
PA267433;M.;Gilles;Bourdouleix;Bourdouleix;15/04/60;PM645316;ASSEMBLEE
PA642984;M.;Pierre;Léautey;Leautey;12/12/46;PM676806;ASSEMBLEE
PA331924;Mme;Michèle;Delaunay;Delaunaym;08/01/47;PM591237;MINISTERE
PA642987;M.;Guillaume;Bachelay;Bachelay;13/07/74;PM676803;ASSEMBLEE
PA346886;M.;Frédéric;Lefebvre;Lefebvre;14/10/63;PM695110;ASSEMBLEE
PA606040;M.;Jean-Louis;Destans;Destans;03/03/51;PM645144;ASSEMBLEE
PA429887;M.;Joël;Guerriau;GUERRIAU_JOEL_C4907;09/11/57;PM430025;SENAT
PA429886;Mme;Cécile;Cukierman;CUKIERMAN_CECILE_C4857;26/04/76;PM430018;SENAT
PA429889;Mme;Laurence;Rossignol;ROSSIGNOL_LAURENCE_11045K;22/12/57;PM430007;SENAT
PA429885;M.;Jean-Vincent;Placé;PLACE_JEAN_VINCENT_11069T;12/03/68;PM429923;SENAT
PA429883;M.;Gilbert;Roger;ROGER_GILBERT_11054L;09/11/53;PM430052;SENAT
PA429882;M.;Félix;Desplan;DESPLAN_FELIX11113E;22/02/43;PM429980;SENAT
PA429884;M.;Vincent;Capo-Canellas;CAPO_CANELLAS_VINCENT_11053K;04/05/67;PM430055;SENAT
PA429881;Mme;Aline;Archimbaud;ARCHIMBAUD_ALINE_C5635;02/11/48;PM430053;SENAT
PA415493;M.;Alain;Fauconnier;FAUCONNIER ALAIN;20/02/45;PM516787;COMSENAT
PA336421;Mme;Catherine;Coutelle;Coutelle;02/04/45;PM645332;ASSEMBLEE
PA2345;M.;Jacques;Pélissard;Pelissard;20/03/46;PM645548;ASSEMBLEE
PA2343;M.;Germinal;Peiro;Peiro;15/09/53;PM645498;ASSEMBLEE
PA429888;M.;Jacques-Bernard;Magner;MAGNER_JACQUES_BERNARD_C4674;01/06/52;PM429988;SENAT
PA686138;Mme;Anne;Émery-Dumas;EMERY-DUMAS ANNE;30/08/59;PM686143;SENAT
PA1886;M.;Bruno;Le Roux;LeRoux;02/05/65;PM645099;ASSEMBLEE
PA2124;M.;Jean-Claude;Mathis;Mathis;15/08/39;PM645475;ASSEMBLEE
PA1880;M.;Jean-Marie;Le Guen;LeGuenJeM;03/01/53;PM645072;ASSEMBLEE
PA944;M.;Roland;Courteau;COURTEAU;24/02/43;PM430465;GROUPESENAT
PA942;M.;Charles;de Courson;Courson (de);02/04/52;PM645357;ASSEMBLEE
PA945;M.;Jean-Patrick;Courtois;COURTOIS;20/05/51;PM318291;COMSENAT
PA709750;Mme;Anne;Chain-Larché;CHAIN LARCHE ANNE;11/04/58;PM736295;SENAT
PA609726;M.;Julien;Aubert;Aubert;11/06/78;PM645311;ASSEMBLEE
PA605143;Mme;Karine;Berger;Berger;11/03/73;PM645423;ASSEMBLEE
PA609435;Mme;Françoise;Descamps-Crosnier;DescampsCrosnier;13/10/55;PM645211;ASSEMBLEE
PA210741;M.;Jean-Claude;Leroy;LEROY JEAN_CLAUDE_11059R;03/06/52;PM430010;SENAT
PA332015;Mme;Martine;Faure;Faure;30/09/48;PM645414;ASSEMBLEE
PA2011;M.;Lionnel;Luca;Luca;19/12/54;PM645434;ASSEMBLEE
PA588872;Mme;Cécile;Duflot;Duflot;01/04/75;PM591179;MINISTERE
PA2905;M.;Jean-Pierre;Vial;VIAL JEAN-PIERRE;17/02/51;PM286581;GROUPESENAT
PA415449;M.;Jean-Jacques;Lozach;LOZACH JEAN-JACQUES;08/02/54;PM421693;DELEGSENAT
PA415448;M.;Albéric;de Montgolfier;MONTGOLFIER;06/07/64;PM430452;COMSENAT
PA706;M.;Jérôme;Cahuzac;Cahuzac;19/06/52;PM591219;MINISTERE
PA1263;M.;Christian;Estrosi;Estrosi;01/07/55;PM645432;ASSEMBLEE
PA608098;M.;Yann;Capet;Capet;31/12/75;PM645146;ASSEMBLEE
PA415447;M.;Antoine;Lefèvre;LEFEVRE ANTOINE;18/02/66;PM421653;DELEGSENAT
PA1435;M.;Jean-Claude;Gaudin;GAUDIN JEANCLAUDE;08/10/39;PM430568;GROUPESENAT
PA608416;M.;Patrick;Hetzel;Hetzel;02/07/64;PM645586;ASSEMBLEE
PA588;M.;Jean-Louis;Borloo;Borloo;07/04/51;PM645491;ASSEMBLEE
PA335543;Mme;Valérie;Fourneyron;Fourneyron;04/10/59;PM591215;MINISTERE
PA608672;M.;Thomas;Thévenoud;Thevenoud;05/05/74;PM645597;ASSEMBLEE
PA606478;M.;Yves;Foulon;Foulon;10/10/58;PM645457;ASSEMBLEE
PA332636;M.;Jean-Louis;Gagnaire;Gagnaire;29/04/56;PM645118;ASSEMBLEE
PA267605;Mme;Valérie;Pécresse;Pecresse;14/07/67;PM645189;ASSEMBLEE
PA331658;Mme;Annick;Le Loch;LeLoch;04/11/54;PM645277;ASSEMBLEE
PA1344;M.;Bernard;Fournier;FOURNIER BERNARD;13/09/46;PM286476;GROUPESENAT
PA267285;M.;Laurent;Wauquiez;Wauquiez;12/04/75;PM645140;ASSEMBLEE
PA643020;M.;Romain;Colas;Colas;22/11/79;PM713157;GP
PA267289;M.;Jean-Pierre;Door;Door;01/04/42;PM645242;ASSEMBLEE
PA736239;Mme;Frédérique;Puissat;PUISSAT_Frederique;04/11/67;PM736317;SENAT
PA643205;Mme;Anne-Christine;Lang;Lang;10/08/61;PM714383;COMPER
PA1502;M.;Jean-Pierre;Godefroy;GODEFROY;23/09/44;PM227322;GROUPESENAT
PA606545;M.;Jean-Louis;Roumégas;Roumegas;06/06/62;PM645470;ASSEMBLEE
PA267735;M.;Claude;de Ganay;Ganay (de);05/09/53;PM645237;ASSEMBLEE
PA605703;Mme;Suzanne;Tallard;Tallard;19/06/43;PM645418;ASSEMBLEE
PA267429;M.;Dino;Cinieri;Cinieri;09/07/55;PM645130;ASSEMBLEE
PA2086;M.;Franck;Marlin;Marlin;30/09/64;PM645043;ASSEMBLEE
PA332384;M.;Michel;Issindou;Issindou;12/07/52;PM645528;ASSEMBLEE
PA560;M.;Daniel;Boisserie;Boisserie;08/06/46;PM645337;ASSEMBLEE
PA642885;M.;Robert;Olive;Olive;16/07/50;PM712609;GE
PA304016;Mme;Sandrine;Hurel;HUREL SANDRINE;07/08/68;PM645121;ASSEMBLEE
PA308037;M.;Jean-Pierre;Chauveau;CHAUVEAU;08/11/42;PM388908;GROUPESENAT
PA328;M.;Jean-Marc;Ayrault;Ayrault;25/01/50;PM590014;MINISTERE
PA610521;M.;Jean-Noël;Carpentier;Carpentier;09/12/69;PM645190;ASSEMBLEE
PA2337;M.;François;Patriat;PATRIAT FRANÇOIS;21/03/43;PM430392;COMSENAT
PA643002;M.;Pascal;Demarthe;Demarthe;29/01/60;PM713501;GE
PA610529;M.;Gérard;Sebaoun;Sebaoun;28/11/50;PM645192;ASSEMBLEE
PA2334;M.;Jean-Marc;Pastor;PASTOR;12/02/50;PM303966;SENAT
PA605625;Mme;Isabelle;Attard;Attard;14/11/69;PM645398;ASSEMBLEE
PA2338;M.;Christian;Paul;PaulC;23/03/60;PM645413;ASSEMBLEE
PA227030;M.;Jean-Claude;Frécon;FRECON;03/09/44;PM227320;GROUPESENAT
PA2240;M.;Pierre;Moscovici;Moscovici;16/09/57;PM591173;MINISTERE
PA990;M.;Philippe;Darniche;DARNICHE;23/02/43;PM303953;SENAT
PA605084;M.;Jacques;Krabal;Krabal;10/04/48;PM645537;ASSEMBLEE
PA2790;Mme;Catherine;Tasca;TASCA CATHERINE;13/12/41;PM304362;GROUPESENAT
PA610634;M.;Bruno Nestor;Azerot;Azerot;22/07/61;PM645262;ASSEMBLEE
PA2799;M.;Pascal;Terrasse;Terrasse;26/10/64;PM645448;ASSEMBLEE
PA2792;M.;Jean-Charles;Taugourdeau;Taugourdeau;17/07/53;PM645308;ASSEMBLEE
PA998;M.;Olivier;Dassault;Dassault;01/06/51;PM645034;ASSEMBLEE
PA2796;M.;Guy;Teissier;Teissier;04/04/45;PM645520;ASSEMBLEE
PA677483;M.;Stéphane;Mazars;MAZARS STÉPHANE;25/03/69;PM677492;DELEGSENAT
PA415459;Mme;Françoise;Cartron;CARTRON FRANÇOISE;27/03/49;PM430430;COMSENAT
PA2664;M.;Paul;Salen;Salen;17/06/49;PM645139;ASSEMBLEE
PA2667;M.;Rudy;Salles;Salles;30/07/54;PM645429;ASSEMBLEE
PA677482;Mme;Kalliopi;Ango Ela;ANGO ELA KALLIOPI;24/09/62;PM677488;COMSENAT
PA415458;M.;Louis-Constant;Fleming;FLEMING LOUIS-CONSTANT;01/12/46;PM437022;DELEGSENAT
PA1748;M.;Armand;Jung;Jung;13/12/50;PM645566;ASSEMBLEE
PA415457;M.;Robert;Navarro;NAVARRO ROBERT;01/05/52;PM436968;DELEGSENAT
PA415456;Mme;Marie-Thérèse;Bruguière;BRUGUIERE;26/10/42;PM421646;DELEGSENAT
PA342332;M.;Jean-Marie;Beffara;Beffara;13/10/62;PM676816;ASSEMBLEE
PA415453;Mme;Claudine;Lepage;LEPAGE CLAUDINE;10/08/49;PM421459;ORGAINT
PA415451;M.;Daniel;Laurent;LAURENT DANIEL;04/02/49;PM516816;COMSENAT
PA610245;M.;Mathieu;Hanotin;Hanotin;22/08/78;PM645109;ASSEMBLEE
PA415455;M.;Michel;Magras;MAGRAS MICHEL;06/01/54;PM426123;DELEGSENAT
PA415454;M.;Christophe-André;Frassa;FRASSA CHRISTOPHE ANDRÉ;04/02/68;PM421481;ORGAINT
PA415452;M.;Didier;Guillaume;GUILLAUME DIDIER;11/05/59;PM421485;ORGAINT
PA381;M.;Claude;Bartolone;Bartolone;29/07/51;PM645125;ASSEMBLEE
PA605888;Mme;Annie;Le Houerou;LeHouerou;31/03/60;PM645476;ASSEMBLEE
PA603;M.;Didier;Boulaud;BOULAUD;04/09/50;PM227311;GROUPESENAT
PA735;M.;Christophe;Caresche;Caresche;02/09/60;PM645089;ASSEMBLEE
PA609205;Mme;Catherine;Troallic;Troallic;10/05/74;PM645128;ASSEMBLEE
PA737;M.;Jean-Claude;Carle;CARLE;09/06/48;PM286452;GROUPESENAT
PA607489;M.;Guillaume;Chevrollier;Chevrollier_Guillaume;27/10/74;PM645366;ASSEMBLEE
PA2803;M.;Michel;Teston;TESTON;20/07/44;PM516839;COMSENAT
PA2800;M.;Gérard;Terrier;Terrier;01/02/48;PM676804;ASSEMBLEE
PA2801;M.;Michel;Terrot;Terrot;18/12/48;PM645576;ASSEMBLEE
PA334149;M.;Daniel;Fasquelle;Fasquelle;16/01/63;PM645127;ASSEMBLEE
PA606991;M.;Denys;Robiliard;Robiliard;22/07/60;PM645098;ASSEMBLEE
PA1353;M.;Michel;Françaix;Francaix;28/05/43;PM711250;MISINFO
PA642876;M.;Patrick;Weiten;Weiten;01/07/54;PM712426;GP
PA643053;M.;Yannick;Trigance;Trigance;13/07/62;PM716363;ASSEMBLEE
PA1515;M.;Gaëtan;Gorce;GORCE_GAETAN_C4649;02/12/58;PM429913;SENAT
PA421349;M.;Jean-Jacques;Pignard;PIGNARD JEAN-JACQUES;15/04/47;PM700996;SENAT
PA345994;M.;Jean-Luc;Drapeau;Drapeau;26/09/53;PM676795;ASSEMBLEE
PA610824;M.;David;Vergé;Verge;10/01/72;PM645328;ASSEMBLEE
PA267706;Mme;Nathalie;Appéré;Appere;08/07/75;PM645529;ASSEMBLEE
PA341981;Mme;Marie;Récalde;Recalde;12/03/65;PM645444;ASSEMBLEE
PA606665;Mme;Marie-Anne;Chapdelaine;Chapdelaine;20/03/62;PM645526;ASSEMBLEE
PA267419;Mme;Marie-Hélène;Des Esgaulx;DESESGAULX MARIE-HÉLÈNE;26/05/50;PM425548;COMSENAT
PA330118;M.;Guy;Chambefort;Chambefort;14/10/44;PM645540;ASSEMBLEE
PA642651;Mme;Esther;Baron;Baron;06/02/87;PM718618;ASSEMBLEE
PA610820;M.;Jean-Paul;Tuaiva;Tuaiva;30/10/72;PM645315;ASSEMBLEE
PA356;M.;Gérard;Bapt;Bapt G;04/02/46;PM645358;ASSEMBLEE
PA610291;M.;Razzy;Hammadi;Hammadi;22/02/79;PM645119;ASSEMBLEE
PA262;M.;Jean-Paul;Amoudry;AMOUDRY;30/03/50;PM303902;SENAT
PA610539;M.;Philippe;Doucet;Doucet;16/05/61;PM645194;ASSEMBLEE
PA313924;M.;Rémy;Pointereau;POINTEREAU RÉMY;30/03/53;PM313973;GROUPESENAT
PA304021;Mme;Colette;Mélot;MELOT COLETTE;20/04/47;PM304319;GROUPESENAT
PA269;M.;Pierre;André;ANDRE P;29/06/47;PM286221;GROUPESENAT
PA2476;Mme;Gisèle;Printz;PRINTZ;27/06/33;PM227332;GROUPESENAT
PA2492;M.;Didier;Quentin;Quentin;23/12/46;PM645431;ASSEMBLEE
PA227027;Mme;Évelyne;Didier;DIDIER EVELYNE;14/03/48;PM227231;GROUPESENAT
PA2250;M.;Alain;Moyne-Bressand;MoyneBressand;30/07/45;PM645539;ASSEMBLEE
PA2258;M.;Philippe;Nachbar;NACHBAR;26/09/50;PM286544;GROUPESENAT
PA2257;M.;Jacques;Myard;Myard;14/08/47;PM645201;ASSEMBLEE
PA608851;Mme;Sophie;Dion;Dion;25/03/56;PM645559;ASSEMBLEE
PA227028;M.;Louis;Duvernois;DUVERNOIS;17/05/41;PM429991;SENAT
PA267246;M.;Michel;Heinrich;Heinrich;15/02/46;PM645340;ASSEMBLEE
PA227029;Mme;Françoise;Férat;FERAT FRANCOISE;05/03/49;PM309484;GROUPESENAT
PA980;M.;Philippe;Dallier;DALLIER PHILIPPE;08/12/62;PM421648;DELEGSENAT
PA606202;Mme;Françoise;Dumas;DumasA;12/04/60;PM645327;ASSEMBLEE
PA227020;M.;Jean;Boyer;BOYER JEAN 01052R;04/01/37;PM318613;GROUPESENAT
PA267241;M.;Stéphane;Demilly;Demilly;26/06/63;PM645246;ASSEMBLEE
PA610758;M.;Ibrahim;Aboubacar;Aboubacar;01/02/65;PM645301;ASSEMBLEE
PA2074;M.;Didier;Marie;MARIE;19/05/60;PM699903;COMSENAT
PA610752;M.;Boinali;Said;Said;25/09/60;PM645299;ASSEMBLEE
PA2075;M.;Alfred;Marie-Jeanne;MarieJeanne;15/11/36;PM645260;ASSEMBLEE
PA2073;M.;Thierry;Mariani;Mariani;08/08/58;PM645207;ASSEMBLEE
PA2675;M.;André;Santini;Santini;20/10/40;PM645061;ASSEMBLEE
PA340755;M.;Gaby;Charroux;Charroux;25/06/42;PM645506;ASSEMBLEE
PA2907;M.;Jean-Sébastien;Vialatte;Vialatte;30/01/51;PM645289;ASSEMBLEE
PA2815;M.;Dominique;Tian;Tian;14/12/59;PM645514;ASSEMBLEE
PA415446;M.;Hervé;Maurey;MAUREY HERVÉ;07/05/61;PM421667;DELEGSENAT
PA1632;M.;Pierre;Hérisson;HERISSON;12/06/45;PM303924;SENAT
PA1630;M.;Michel;Herbillon;Herbillon;06/03/51;PM711258;MISINFO
PA563;M.;Jacques;Bompard;Bompard;24/02/43;PM645307;ASSEMBLEE
PA608276;Mme;Sylviane;Alaux;Alaux;01/07/45;PM645252;ASSEMBLEE
PA341246;Mme;Viviane;Le Dissez;LeDissez;22/03/59;PM645469;ASSEMBLEE
PA605963;M.;Éric;Alauzet;Alauzet;07/06/58;PM645055;ASSEMBLEE
PA344492;M.;Fernand;Siré;Sire;31/03/45;PM645300;ASSEMBLEE
PA342539;Mme;Florence;Delaunay;Delaunayf;12/06/56;PM676818;ASSEMBLEE
PA1483;M.;Jean-Pierre;Giran;Giran;09/01/47;PM645274;ASSEMBLEE
PA332614;M.;Régis;Juanico;Juanico;05/02/72;PM645110;ASSEMBLEE
PA725;M.;Jean-Pierre;Cantegrit;CANTEGRIT;02/07/33;PM286451;GROUPESENAT
PA335567;Mme;Françoise;Guégot;Guegot;11/08/62;PM645104;ASSEMBLEE
PA1183;M.;Alain;Dufaut;DUFAUT;02/01/44;PM286468;GROUPESENAT
PA1182;M.;Jean-Pierre;Dufau;Dufau;05/07/43;PM645090;ASSEMBLEE
PA606299;M.;Jean-Luc;Moudenc;Moudenc;19/07/60;PM645362;ASSEMBLEE
PA608292;Mme;Jeanine;Dubié;Dubie;03/01/58;PM645276;ASSEMBLEE
PA337550;M.;Patrick;Lebreton;Lebreton;06/09/63;PM645283;ASSEMBLEE
PA1567;M.;Jérôme;Guedj;Guedj;23/01/72;PM676809;ASSEMBLEE
PA476;M.;Pierre;Bernard-Reymond;BERNARDREYMOND PIERRE;16/01/44;PM421674;DELEGSENAT
PA1562;M.;François;Grosdidier;GROSDIDIER_FRANCOIS_11049P;25/02/61;PM429934;SENAT
PA2424;M.;Henri;Plagnol;Plagnol;11/02/61;PM645129;ASSEMBLEE
PA606675;M.;François;André;Andre;19/07/67;PM645533;ASSEMBLEE
PA342997;M.;Jean-Claude;Gouget;Gouget;05/11/42;PM676796;ASSEMBLEE
PA610968;M.;Pouria;Amirshahi;Amirshahi;27/03/72;PM645235;ASSEMBLEE
PA642790;M.;Pierre;Ribeaud;Ribeaud;13/06/55;PM713324;GP
PA330613;M.;Henri;Jibrayel;Jibrayel;18/09/51;PM645522;ASSEMBLEE
PA267623;M.;Carlos;Da Silva;DaSilva;16/11/74;PM676817;ASSEMBLEE
PA267395;Mme;Mireille;Schurch;SCHURCH MIREILLE;04/01/49;PM516828;COMSENAT
PA267622;M.;Manuel;Valls;Valls;13/08/62;PM591182;MINISTERE
PA266867;M.;Alain;Fouché;FOUCHE;04/12/42;PM286481;GROUPESENAT
PA1364;Mme;Jacqueline;Fraysse;FRAYSSE-CAZALIS JACQUELINE;25/02/47;PM645084;ASSEMBLEE
PA333818;M.;Christian;Hutin;Hutin;18/01/61;PM645451;ASSEMBLEE
PA337483;M.;Serge;Letchimy;Letchimy;13/01/53;PM645265;ASSEMBLEE
PA266863;M.;Jean-Pierre;Fougerat;Fougerat;11/05/53;PM676623;ASSEMBLEE
PA267628;Mme;Nathalie;Kosciusko-Morizet;Kosciusko-Morizet;14/05/73;PM645046;ASSEMBLEE
PA736184;Mme;Denise;Saint-Pé;SAINT_PE_Denise;05/01/51;PM736272;SENAT
PA736185;Mme;Viviane;Malet;MALET_Viviane;28/10/54;PM736264;SENAT
PA736221;M.;Sébastien;Leroux;LEROUX_Sebastien;27/02/74;PM736404;SENAT
PA736240;Mme;Isabelle;Raimond-Pavero;RAIMOND_PAVERO_Isabelle;23/02/61;PM736279;SENAT
PA746;M.;Gilles;Carrez;Carrez;29/08/48;PM645154;ASSEMBLEE
PA736177;M.;Guillaume;Gontard;GONTARD_Guillaume;11/03/71;PM736318;SENAT
PA736245;M.;Alain;Cazabonne;CAZABONNE_Alain;25/08/44;PM736427;SENAT
PA736200;M.;Stéphane;Piednoir;PIEDNOIR_Stephane;25/02/70;PM736285;SENAT
PA703485;M.;Stéphane;Ravier;RAVIER_Stephane;04/08/69;PM703654;SENAT
PA733995;Mme;Noëlle;Rauscent;RAUSCENT_NOELLE;10/10/46;PM733997;GROUPESENAT
PA736226;M.;Pierre;Louault;LOUAULT_Pierre;03/05/49;PM736280;SENAT
PA702054;M.;Stéphane;Claireaux;Claireaux;23/06/64;PM716705;CMP
PA702052;Mme;Maina;Sage;Sage;10/05/75;PM712421;GE
PA702053;M.;Laurent;Degallaix;Degallaix;11/09/65;PM712450;GE
PA332228;M.;Thierry;Benoit;Benoit;13/09/66;PM645546;ASSEMBLEE
PA716367;Mme;Marie-France;de Rose;ROSE;25/04/43;PM716369;GROUPESENAT
PA736230;M.;Michel;Laugier;LAUGIER_Michel;11/07/56;PM736377;SENAT
PA717268;M.;Michel;Pélieu;Pelieu_Michel;26/06/46;PM717270;SENAT
PA736193;Mme;Évelyne;Renaud-Garabedian;RENAUD_GARABEDIAN_Evelyne;18/06/50;PM736394;SENAT
PA736213;M.;Henri;Leroy;LEROY_Henri;31/03/45;PM736431;SENAT
PA429875;M.;Jean-François;Husson;HUSSON_JEAN_FRANCOIS_C4969;17/04/61;PM429947;SENAT
PA608264;Mme;Colette;Capdevielle;Capdevielle;14/10/58;PM645248;ASSEMBLEE
PA707206;Mme;Stéphanie;Riocreux;RIOCREUX_STEPHANIE;20/05/66;PM707711;COMSENAT
PA709298;M.;Bernard;Delcros;DELCROS_BERNARD;12/02/53;PM709304;SENAT
PA709315;M.;Arnaud;Viala;Viala;04/12/74;PM714408;COMPER
PA923;M.;François;Cornut-Gentille;CornutGentille;22/05/58;PM645363;ASSEMBLEE
PA922;M.;Gérard;Cornu;CORNU GERARD;06/02/52;PM286461;GROUPESENAT
PA734539;M.;Laurent;Dutheil;Dutheil_Laurent;04/04/56;PM734540;COMSENAT
PA785;M.;Bernard;Cazeneuve;Cazeneuve;02/06/63;PM717454;ASSEMBLEE
PA782;M.;Bernard;Cazeau;CAZEAU;27/04/39;PM320553;COMSENAT
PA707346;M.;Patrick;Masclet;MASCLET_PATRICK;31/05/52;PM707708;COMSENAT
PA736187;Mme;Martine;Filleul;FILLEUL_Martine;06/06/53;PM736365;SENAT
PA708632;Mme;Marie;Mercier;MERCIER_Marie;16/06/58;PM708643;SENAT
PA708633;Mme;Corinne;Féret;FERET_CORINNE;17/09/61;PM708641;GROUPESENAT
PA707707;M.;Nuihau;Laurey;LAUREY_NUIHAU;29/12/64;PM707716;GROUPESENAT
PA736220;M.;Jean-Louis;Lagourgue;LAGOURGUE_Jean_Louis;05/08/47;PM736267;SENAT
PA736222;Mme;Michèle;Vullien;VULLIEN_Michele;18/01/44;PM736436;SENAT
PA736227;M.;Hugues;Saury;SAURY_Hugues;12/11/58;PM736308;SENAT
PA736208;M.;Didier;Rambaud;RAMBAUD_Didier;12/05/59;PM736315;SENAT
PA2047;M.;Christian;Manable;MANABLE_Christian;19/06/48;PM703606;SENAT
PA2042;M.;Claude;Malhuret;MALHURET_Claude;08/03/50;PM703682;SENAT
PA267840;M.;Stéphane;Artano;ARTANO_Stephane;09/03/73;PM736423;SENAT
PA513;M.;Jérôme;Bignon;BIGNON_Jerome;01/01/49;PM712973;CMP
PA715322;Mme;Frédérique;Gerbaud;GERBAUD_frederique;03/07/59;PM715325;GROUPESENAT
PA2879;M.;Alain;Vasselle;VASSELLE;27/06/47;PM714000;COMSPSENAT
PA337544;M.;Didier;Robert;ROBERT_DIDIER;26/04/64;PM702255;COMSENAT
PA341381;M.;Jean-François;Longeot;LONGEOT_Jean_Francois;27/12/56;PM703618;SENAT
PA267872;M.;Philippe;Pemezec;Pemezec_Philippe;25/09/55;PM736409;SENAT
PA404656;Mme;Catherine;Dumas;DUMAS CATHERINE;13/07/57;PM736328;SENAT
PA705722;M.;Patrick;Abate;ABATE_patrick;28/12/56;PM713619;CMP
PA702993;M.;Patrick;Kanner;KANNER_Patrick;29/04/57;PM15715845;GOUVERNEMENT
PA310473;Mme;Gélita;Hoarau;HOARAU_GELITA;15/01/56;PM716689;CMP
PA2469;M.;Alain;Poyart;Poyart_Alain;18/11/47;PM732428;COMSENAT
PA2237;M.;Jean-Marie;Morisset;MORISSET_Jean_Marie;18/08/47;PM703705;SENAT
PA331381;M.;Jacques;Grosperrin;GROSPERRIN_Jacques;17/10/55;PM703620;SENAT
PA633;M.;Michel;Bouvard;BOUVARD_Michel;17/03/55;PM716260;CMP
PA266795;Mme;Françoise;Gatel;GATEL_Francoise;14/03/53;PM713981;COMSPSENAT
PA392736;Mme;Béatrice;Descamps;DESCAMPS BÉATRICE;22/06/51;PM717367;SENAT
PA266812;M.;Michel;Dennemont;DENNEMONT_Michel;11/02/49;PM736265;SENAT
PA429892;Mme;Catherine;Génisson;GENISSON_CATHERINE_11061K;22/04/49;PM430009;SENAT
PA742505;M.;Jean-Paul;Prince;Prince_Jean_Paul;08/07/44;PM742506;SENAT
PA744079;M.;Jérôme;Bascher;BASCHER_JEROME;31/05/73;PM744082;SENAT
PA747420;Mme;Dominique;Vérien;Verien_Dominique;29/08/65;PM749341;DELEGSENAT
PA747422;Mme;Évelyne;Perrot;Perrot_Evelyne;22/06/51;PM747424;GROUPESENAT
PA747421;M.;Yves;Bouloux;BOULOUX_Yves;30/08/60;PM747425;GROUPESENAT